record_id,n,P0,growth_rate,base,Population_Iterative,Population_DC,Iterative_Time_sec,DC_Time_sec
1,82,1924,0.0123,1.0123,5242.7903,5242.7903,0.0000044000,0.0000026000
2,36,4112,0.0301,1.0301,11959.4455,11959.4455,0.0000012000,0.0000011000
3,95,1779,0.0709,1.0709,1192128.8877,1192128.8877,0.0000023000,0.0000013000
4,70,1524,0.0631,1.0631,110451.9118,110451.9118,0.0000018000,0.0000012000
5,5,588,0.0184,1.0184,644.1237,644.1237,0.0000004000,0.0000005000
6,30,8379,0.0642,1.0642,54186.3413,54186.3413,0.0000010000,0.0000010000
7,72,3357,0.0744,1.0744,588712.5808,588712.5808,0.0000018000,0.0000011000
8,90,9028,0.0478,1.0478,603457.9603,603457.9603,0.0000022000,0.0000012000
9,58,9754,0.035,1.035,71733.6681,71733.6681,0.0000015000,0.0000011000
10,1,2715,0.0728,1.0728,2912.652,2912.652,0.0000003000,0.0000003000
11,44,4652,0.024,1.024,13208.0224,13208.0224,0.0000012000,0.0000010000
12,98,5614,0.0192,1.0192,36198.8753,36198.8753,0.0000073000,0.0000012000
13,49,1684,0.0423,1.0423,12822.8995,12822.8995,0.0000014000,0.0000010000
14,45,9991,0.0338,1.0338,44591.5647,44591.5647,0.0000012000,0.0000011000
15,6,7627,0.0583,1.0583,10715.354,10715.354,0.0000004000,0.0000006000
16,49,1391,0.0597,1.0597,23839.158,23839.158,0.0000013000,0.0000010000
17,81,6025,0.062,1.062,787123.5525,787123.5525,0.0000020000,0.0000011000
18,91,1239,0.0141,1.0141,4430.1918,4430.1918,0.0000022000,0.0000012000
19,30,4841,0.0987,1.0987,81528.381,81528.381,0.0000008000,0.0000009000
20,30,1754,0.0442,1.0442,6420.0773,6420.0773,0.0000009000,0.0000009000
21,59,6077,0.0246,1.0246,25491.5344,25491.5344,0.0000015000,0.0000011000
22,46,3532,0.0703,1.0703,80403.4834,80403.4834,0.0000012000,0.0000012000
23,90,1269,0.0648,1.0648,361065.0434,361065.0434,0.0000021000,0.0000012000
24,22,8851,0.0756,1.0756,43985.5269,43985.5269,0.0000007000,0.0000009000
25,21,7673,0.0442,1.0442,19029.2935,19029.2935,0.0000007000,0.0000009000
26,82,9225,0.0298,1.0298,102495.1108,102495.1108,0.0000020000,0.0000011000
27,42,1016,0.0306,1.0306,3603.1265,3603.1265,0.0000011000,0.0000010000
28,5,5268,0.0461,1.0461,6599.5113,6599.5113,0.0000004000,0.0000006000
29,9,3556,0.0922,1.0922,7864.6844,7864.6844,0.0000005000,0.0000007000
30,73,5255,0.0291,1.0291,42655.5876,42655.5876,0.0000018000,0.0000011000
31,64,6582,0.0896,1.0896,1597540.6964,1597540.6964,0.0000016000,0.0000009000
32,83,7617,0.0229,1.0229,49881.3019,49881.3019,0.0000020000,0.0000012000
33,18,4140,0.077,1.077,15735.5889,15735.5889,0.0000006000,0.0000008000
34,69,4404,0.0772,1.0772,745238.1813,745238.1813,0.0000017000,0.0000011000
35,55,9660,0.0459,1.0459,114008.2006,114008.2006,0.0000014000,0.0000012000
36,29,2366,0.0559,1.0559,11457.1249,11457.1249,0.0000009000,0.0000010000
37,12,871,0.0875,1.0875,2383.2486,2383.2486,0.0000005000,0.0000007000
38,20,2721,0.0813,1.0813,12991.2997,12991.2997,0.0000007000,0.0000008000
39,55,9871,0.0157,1.0157,23252.0387,23252.0387,0.0000014000,0.0000012000
40,49,9863,0.0997,1.0997,1038594.6013,1038594.6013,0.0000013000,0.0000010000
41,68,4219,0.0974,1.0974,2344371.9899,2344371.9899,0.0000017000,0.0000010000
42,2,1976,0.0714,1.0714,2268.2464,2268.2464,0.0000004000,0.0000004000
43,69,4471,0.0792,1.0792,859880.8947,859880.8947,0.0000019000,0.0000011000
44,44,1927,0.0364,1.0364,9291.5358,9291.5358,0.0000012000,0.0000163000
45,21,7533,0.0103,1.0103,9341.6885,9341.6885,0.0000008000,0.0000010000
46,93,4415,0.0975,1.0975,25266896.2417,25266896.2417,0.0000023000,0.0000013000
47,98,3027,0.0557,1.0557,613738.7343,613738.7343,0.0000024000,0.0000012000
48,14,4989,0.0858,1.0858,15794.6944,15794.6944,0.0000006000,0.0000008000
49,65,3358,0.0238,1.0238,15490.4427,15490.4427,0.0000017000,0.0000010000
50,98,2746,0.0585,1.0585,721780.3321,721780.3321,0.0000023000,0.0000159000
51,100,8789,0.0927,1.0927,62234867.9128,62234867.9128,0.0000026000,0.0000012000
52,77,5410,0.054,1.054,310401.8511,310401.8511,0.0000020000,0.0000013000
53,15,6047,0.0891,1.0891,21754.8623,21754.8623,0.0000007000,0.0000010000
54,40,4023,0.0152,1.0152,7355.5372,7355.5372,0.0000012000,0.0000011000
55,73,1390,0.0177,1.0177,5003.3207,5003.3207,0.0000019000,0.0000012000
56,63,1233,0.098,1.098,445564.4203,445564.4203,0.0000017000,0.0000013000
57,69,2160,0.0216,1.0216,9437.0176,9437.0176,0.0000018000,0.0000012000
58,61,9107,0.0249,1.0249,40826.9012,40826.9012,0.0000017000,0.0000012000
59,68,7032,0.0968,1.0968,3764825.949,3764825.949,0.0000018000,0.0000011000
60,70,3395,0.0742,1.0742,509096.5353,509096.5353,0.0000018000,0.0000011000
61,52,6218,0.0494,1.0494,76310.7691,76310.7691,0.0000014000,0.0000010000
62,67,7497,0.0209,1.0209,29975.2053,29975.2053,0.0000017000,0.0000011000
63,29,1149,0.0404,1.0404,3623.5144,3623.5144,0.0000010000,0.0000010000
64,76,9175,0.0307,1.0307,91339.5889,91339.5889,0.0000020000,0.0000012000
65,29,217,0.0164,1.0164,347.8042,347.8042,0.0000010000,0.0000010000
66,81,1064,0.0306,1.0306,12224.8297,12224.8297,0.0000019000,0.0000011000
67,5,5513,0.0164,1.0164,5980.1389,5980.1389,0.0000004000,0.0000006000
68,31,4662,0.0702,1.0702,38193.162,38193.162,0.0000010000,0.0000011000
69,28,8934,0.0219,1.0219,16386.3084,16386.3084,0.0000009000,0.0000009000
70,74,9540,0.0525,1.0525,420711.2334,420711.2334,0.0000019000,0.0000011000
71,61,6769,0.0271,1.0271,34586.0525,34586.0525,0.0000016000,0.0000011000
72,13,7162,0.0419,1.0419,12211.6068,12211.6068,0.0000006000,0.0000008000
73,53,7751,0.0877,1.0877,667331.3829,667331.3829,0.0000014000,0.0000011000
74,7,1712,0.0155,1.0155,1906.6161,1906.6161,0.0000004000,0.0000006000
75,94,5659,0.0821,1.0821,9416185.7154,9416185.7154,0.0000041000,0.0000012000
76,14,4173,0.0272,1.0272,6076.0108,6076.0108,0.0000006000,0.0000008000
77,69,7450,0.0226,1.0226,34822.1572,34822.1572,0.0000017000,0.0000012000
78,24,4663,0.0516,1.0516,15598.372,15598.372,0.0000008000,0.0000008000
79,10,7360,0.0827,1.0827,16291.4291,16291.4291,0.0000005000,0.0000007000
80,71,1704,0.0146,1.0146,4768.7495,4768.7495,0.0000017000,0.0000143000
81,70,341,0.0972,1.0972,225299.5396,225299.5396,0.0000017000,0.0000011000
82,97,3972,0.025,1.025,43573.6743,43573.6743,0.0000022000,0.0000011000
83,63,7986,0.0292,1.0292,48957.0556,48957.0556,0.0000016000,0.0000012000
84,52,1060,0.0248,1.0248,3789.1338,3789.1338,0.0000014000,0.0000010000
85,1,6496,0.0339,1.0339,6716.2144,6716.2144,0.0000003000,0.0000002000
86,59,4773,0.0481,1.0481,76304.82,76304.82,0.0000015000,0.0000012000
87,94,9205,0.0696,1.0696,5138482.1558,5138482.1558,0.0000022000,0.0000012000
88,63,2636,0.0271,1.0271,14208.4711,14208.4711,0.0000016000,0.0000011000
89,28,1058,0.0621,1.0621,5716.3277,5716.3277,0.0000009000,0.0000009000
90,70,1098,0.0773,1.0773,201450.5833,201450.5833,0.0000017000,0.0000011000
91,8,921,0.0626,1.0626,1496.9873,1496.9873,0.0000004000,0.0000006000
92,65,8801,0.0242,1.0242,41643.0153,41643.0153,0.0000016000,0.0000010000
93,66,1412,0.0866,1.0866,339183.6761,339183.6761,0.0000016000,0.0000010000
94,9,9849,0.0161,1.0161,11371.564,11371.564,0.0000005000,0.0000007000
95,31,6715,0.0208,1.0208,12711.7844,12711.7844,0.0000008000,0.0000010000
96,73,4133,0.0621,1.0621,336000.7529,336000.7529,0.0000017000,0.0000011000
97,6,1443,0.0477,1.0477,1908.4817,1908.4817,0.0000004000,0.0000007000
98,75,9360,0.0571,1.0571,602533.6563,602533.6563,0.0000018000,0.0000011000
99,34,3446,0.0703,1.0703,34713.8784,34713.8784,0.0000010000,0.0000010000
100,41,4010,0.0339,1.0339,15731.2894,15731.2894,0.0000011000,0.0000009000
101,17,5015,0.0512,1.0512,11719.8465,11719.8465,0.0000006000,0.0000008000
102,97,1288,0.0108,1.0108,3651.2661,3651.2661,0.0000023000,0.0000010000
103,80,9324,0.0996,1.0996,18551573.809,18551573.809,0.0000019000,0.0000010000
104,10,8908,0.0292,1.0292,11878.9481,11878.9481,0.0000005000,0.0000007000
105,34,2270,0.094,1.094,48152.0526,48152.0526,0.0000009000,0.0000009000
106,9,4102,0.0433,1.0433,6007.289,6007.289,0.0000004000,0.0000007000
107,21,7279,0.085,1.085,40373.4834,40373.4834,0.0000027000,0.0000009000
108,91,5056,0.0651,1.0651,1571563.9992,1571563.9992,0.0000021000,0.0000013000
109,84,8766,0.0107,1.0107,21432.4483,21432.4483,0.0000020000,0.0000012000
110,71,5005,0.0939,1.0939,2929646.8184,2929646.8184,0.0000018000,0.0000012000
111,14,2300,0.0338,1.0338,3663.0195,3663.0195,0.0000005000,0.0000008000
112,14,9164,0.024,1.024,12772.7518,12772.7518,0.0000005000,0.0000008000
113,37,3550,0.0746,1.0746,50858.2361,50858.2361,0.0000010000,0.0000010000
114,27,4425,0.0555,1.0555,19023.2928,19023.2928,0.0000008000,0.0000009000
115,33,932,0.0183,1.0183,1695.569,1695.569,0.0000010000,0.0000009000
116,55,4633,0.014,1.014,9952.9042,9952.9042,0.0000014000,0.0000011000
117,43,2243,0.0673,1.0673,36910.4363,36910.4363,0.0000012000,0.0000011000
118,34,2747,0.0767,1.0767,33890.5723,33890.5723,0.0000010000,0.0000009000
119,71,7107,0.0605,1.0605,460197.323,460197.323,0.0000017000,0.0000012000
120,15,1332,0.0951,1.0951,5203.6839,5203.6839,0.0000006000,0.0000012000
121,89,2542,0.0591,1.0591,421275.0139,421275.0139,0.0000034000,0.0000013000
122,48,9643,0.0597,1.0597,155952.7419,155952.7419,0.0000013000,0.0000009000
123,56,2188,0.0138,1.0138,4713.8459,4713.8459,0.0000014000,0.0000009000
124,47,753,0.0909,1.0909,44945.6058,44945.6058,0.0000012000,0.0000011000
125,27,4188,0.07,1.07,26023.6776,26023.6776,0.0000009000,0.0000009000
126,46,9273,0.0896,1.0896,480293.3902,480293.3902,0.0000013000,0.0000011000
127,53,2632,0.0933,1.0933,297489.2895,297489.2895,0.0000015000,0.0000011000
128,31,2762,0.0979,1.0979,49965.474,49965.474,0.0000009000,0.0000010000
129,23,6855,0.0122,1.0122,9060.1026,9060.1026,0.0000008000,0.0000009000
130,95,5542,0.0804,1.0804,8594115.6851,8594115.6851,0.0000022000,0.0000012000
131,53,4165,0.034,1.034,24502.1142,24502.1142,0.0000014000,0.0000011000
132,90,1871,0.0444,1.0444,93345.0883,93345.0883,0.0000021000,0.0000011000
133,5,7811,0.03,1.03,9055.0898,9055.0898,0.0000003000,0.0000006000
134,59,5828,0.0375,1.0375,51146.7168,51146.7168,0.0000015000,0.0000011000
135,30,3752,0.0121,1.0121,5382.2712,5382.2712,0.0000009000,0.0000010000
136,25,6628,0.0395,1.0395,17458.0142,17458.0142,0.0000008000,0.0000009000
137,9,4673,0.0416,1.0416,6743.7975,6743.7975,0.0000005000,0.0000007000
138,66,6648,0.0712,1.0712,622512.7273,622512.7273,0.0000017000,0.0000010000
139,69,5525,0.0945,1.0945,2806855.9813,2806855.9813,0.0000017000,0.0000011000
140,15,4379,0.0261,1.0261,6444.9605,6444.9605,0.0000006000,0.0000009000
141,34,726,0.0198,1.0198,1413.9918,1413.9918,0.0000010000,0.0000010000
142,56,5763,0.0756,1.0756,341266.0286,341266.0286,0.0000015000,0.0000010000
143,41,7249,0.0646,1.0646,94389.3586,94389.3586,0.0000012000,0.0000010000
144,66,1994,0.0447,1.0447,35741.3049,35741.3049,0.0000016000,0.0000010000
145,74,3214,0.0329,1.0329,35266.1785,35266.1785,0.0000018000,0.0000011000
146,91,7244,0.0102,1.0102,18240.9974,18240.9974,0.0000021000,0.0000013000
147,69,3328,0.0428,1.0428,59986.5479,59986.5479,0.0000017000,0.0000011000
148,9,5509,0.0661,1.0661,9800.6361,9800.6361,0.0000005000,0.0000007000
149,85,2141,0.0748,1.0748,985071.0979,985071.0979,0.0000020000,0.0000012000
150,39,8408,0.0378,1.0378,35737.6253,35737.6253,0.0000011000,0.0000010000
151,53,5444,0.0462,1.0462,59634.564,59634.564,0.0000014000,0.0000011000
152,38,9183,0.0215,1.0215,20608.3244,20608.3244,0.0000010000,0.0000009000
153,54,6311,0.071,1.071,256288.7867,256288.7867,0.0000014000,0.0000011000
154,23,9424,0.0371,1.0371,21782.6075,21782.6075,0.0000008000,0.0000009000
155,71,106,0.0373,1.0373,1427.3047,1427.3047,0.0000017000,0.0000012000
156,27,7143,0.0807,1.0807,58065.7099,58065.7099,0.0000009000,0.0000009000
157,78,5379,0.0518,1.0518,276368.4924,276368.4924,0.0000020000,0.0000011000
158,57,3601,0.056,1.056,80401.9272,80401.9272,0.0000015000,0.0000010000
159,95,2880,0.0693,1.0693,1674369.6219,1674369.6219,0.0000022000,0.0000013000
160,37,8545,0.0697,1.0697,103372.7124,103372.7124,0.0000011000,0.0000010000
161,80,5591,0.0184,1.0184,24041.4548,24041.4548,0.0000020000,0.0000010000
162,97,3948,0.0706,1.0706,2952700.0513,2952700.0513,0.0000023000,0.0000011000
163,29,3362,0.0233,1.0233,6556.6796,6556.6796,0.0000009000,0.0000010000
164,6,4111,0.0986,1.0986,7227.4492,7227.4492,0.0000004000,0.0000006000
165,79,1293,0.051,1.051,65798.0603,65798.0603,0.0000019000,0.0000012000
166,81,9531,0.0275,1.0275,85795.9414,85795.9414,0.0000020000,0.0000012000
167,90,6391,0.0545,1.0545,758160.9021,758160.9021,0.0000164000,0.0000012000
168,32,2517,0.069,1.069,21289.7118,21289.7118,0.0000011000,0.0000008000
169,1,1846,0.0801,1.0801,1993.8646,1993.8646,0.0000002000,0.0000002000
170,29,2981,0.0824,1.0824,29621.5446,29621.5446,0.0000009000,0.0000010000
171,90,8586,0.0518,1.0518,808678.4446,808678.4446,0.0000059000,0.0000036000
172,72,4182,0.0926,1.0926,2458046.8337,2458046.8337,0.0000053000,0.0000030000
173,16,7578,0.022,1.022,10734.1815,10734.1815,0.0000018000,0.0000019000
174,60,8802,0.0989,1.0989,2523897.8128,2523897.8128,0.0000044000,0.0000030000
175,77,5298,0.0955,1.0955,5946553.904,5946553.904,0.0000055000,0.0000045000
176,57,8370,0.0484,1.0484,123812.6895,123812.6895,0.0000041000,0.0000032000
177,71,7405,0.0907,1.0907,3520483.3565,3520483.3565,0.0000048000,0.0000167000
178,96,7877,0.0505,1.0505,892035.8174,892035.8174,0.0000069000,0.0000031000
179,97,4150,0.0856,1.0856,11968013.156,11968013.156,0.0000069000,0.0000034000
180,36,8640,0.0536,1.0536,56603.2246,56603.2246,0.0000027000,0.0000025000
181,31,4599,0.0496,1.0496,20625.3769,20625.3769,0.0000025000,0.0000031000
182,92,4781,0.0311,1.0311,80018.6342,80018.6342,0.0000059000,0.0000034000
183,43,5338,0.0904,1.0904,220581.8684,220581.8684,0.0000032000,0.0000041000
184,11,2367,0.0236,1.0236,3059.3651,3059.3651,0.0000020000,0.0000027000
185,50,2603,0.0736,1.0736,90698.3339,90698.3339,0.0000021000,0.0000015000
186,9,6897,0.0467,1.0467,10400.6443,10400.6443,0.0000006000,0.0000007000
187,70,7733,0.0474,1.0474,197800.7253,197800.7253,0.0000018000,0.0000011000
188,27,6983,0.0451,1.0451,22977.5612,22977.5612,0.0000009000,0.0000009000
189,99,9669,0.0951,1.0951,77858436.3529,77858436.3529,0.0000024000,0.0000012000
190,3,9532,0.0442,1.0442,10852.6326,10852.6326,0.0000004000,0.0000005000
191,1,5863,0.0369,1.0369,6079.3447,6079.3447,0.0000002000,0.0000003000
192,50,6965,0.0584,1.0584,118963.2115,118963.2115,0.0000013000,0.0000010000
193,95,9047,0.082,1.082,16147093.6282,16147093.6282,0.0000023000,0.0000014000
194,29,8099,0.0297,1.0297,18925.2693,18925.2693,0.0000009000,0.0000009000
195,56,8056,0.0126,1.0126,16242.1362,16242.1362,0.0000015000,0.0000010000
196,44,6724,0.0752,1.0752,163363.4724,163363.4724,0.0000012000,0.0000010000
197,60,2191,0.0983,1.0983,607996.9402,607996.9402,0.0000016000,0.0000010000
198,69,541,0.0916,1.0916,228865.6567,228865.6567,0.0000017000,0.0000013000
199,76,9346,0.0697,1.0697,1565083.3015,1565083.3015,0.0000021000,0.0000012000
200,11,7122,0.0222,1.0222,9067.6889,9067.6889,0.0000006000,0.0000008000
201,60,3077,0.0145,1.0145,7298.7851,7298.7851,0.0000017000,0.0000012000
202,49,5463,0.029,1.029,22170.9633,22170.9633,0.0000015000,0.0000013000
203,42,5629,0.0785,1.0785,134548.0863,134548.0863,0.0000013000,0.0000144000
204,49,4658,0.0777,1.0777,182219.8749,182219.8749,0.0000014000,0.0000011000
205,54,4233,0.0851,1.0851,348349.7446,348349.7446,0.0000151000,0.0000011000
206,61,417,0.0774,1.0774,39366.9074,39366.9074,0.0000016000,0.0000012000
207,7,5833,0.0302,1.0302,7183.6108,7183.6108,0.0000004000,0.0000158000
208,9,759,0.0779,1.0779,1490.8983,1490.8983,0.0000005000,0.0000007000
209,32,3366,0.0855,1.0855,46480.2656,46480.2656,0.0000010000,0.0000009000
210,80,2596,0.0315,1.0315,31034.3942,31034.3942,0.0000021000,0.0000011000
211,61,1974,0.0608,1.0608,72275.5363,72275.5363,0.0000016000,0.0000012000
212,28,7719,0.073,1.073,55507.703,55507.703,0.0000008000,0.0000008000
213,99,6143,0.0251,1.0251,71488.7385,71488.7385,0.0000024000,0.0000014000
214,78,1976,0.08,1.08,799539.3969,799539.3969,0.0000020000,0.0000012000
215,21,5196,0.0197,1.0197,7826.9029,7826.9029,0.0000008000,0.0000009000
216,4,5211,0.0618,1.0618,6623.5674,6623.5674,0.0000004000,0.0000006000
217,49,6598,0.0947,1.0947,555741.8435,555741.8435,0.0000013000,0.0000011000
218,26,1345,0.0633,1.0633,6633.9691,6633.9691,0.0000008000,0.0000009000
219,81,4078,0.0192,1.0192,19030.9223,19030.9223,0.0000020000,0.0000011000
220,99,5041,0.0865,1.0865,18597734.0279,18597734.0279,0.0000024000,0.0000012000
221,77,2083,0.0817,1.0817,880876.7706,880876.7706,0.0000020000,0.0000013000
222,73,772,0.0412,1.0412,14709.9413,14709.9413,0.0000019000,0.0000011000
223,55,6171,0.0162,1.0162,14935.1995,14935.1995,0.0000014000,0.0000013000
224,83,5690,0.0111,1.0111,14224.0552,14224.0552,0.0000020000,0.0000013000
225,54,8131,0.0195,1.0195,23070.3608,23070.3608,0.0000014000,0.0000011000
226,47,7632,0.0737,1.0737,215842.597,215842.597,0.0000013000,0.0000011000
227,56,2985,0.076,1.076,180481.0172,180481.0172,0.0000014000,0.0000010000
228,84,4525,0.0654,1.0654,926157.2894,926157.2894,0.0000020000,0.0000011000
229,69,8021,0.0518,1.0518,261587.5096,261587.5096,0.0000017000,0.0000011000
230,94,9807,0.0342,1.0342,231399.4478,231399.4478,0.0000022000,0.0000012000
231,32,1519,0.0351,1.0351,4581.3308,4581.3308,0.0000010000,0.0000008000
232,58,4095,0.0775,1.0775,310782.1583,310782.1583,0.0000015000,0.0000011000
233,73,6309,0.0403,1.0403,112859.5247,112859.5247,0.0000019000,0.0000012000
234,64,5425,0.0264,1.0264,28751.792,28751.792,0.0000018000,0.0000011000
235,28,5913,0.0818,1.0818,53446.9883,53446.9883,0.0000009000,0.0000009000
236,44,4681,0.0892,1.0892,200943.7388,200943.7388,0.0000013000,0.0000012000
237,90,4626,0.06,1.06,876462.829,876462.829,0.0000022000,0.0000012000
238,67,3230,0.0177,1.0177,10464.7152,10464.7152,0.0000028000,0.0000019000
239,93,6758,0.054,1.054,899487.2236,899487.2236,0.0000038000,0.0000056000
240,98,4037,0.0722,1.0722,3741859.1214,3741859.1214,0.0000071000,0.0000036000
241,83,8141,0.0503,1.0503,478285.3626,478285.3626,0.0000083000,0.0000042000
242,3,1624,0.0365,1.0365,1808.3977,1808.3977,0.0000010000,0.0000007000
243,52,4086,0.0376,1.0376,27852.0036,27852.0036,0.0000015000,0.0000011000
244,75,6146,0.0526,1.0526,287306.1894,287306.1894,0.0000019000,0.0000012000
245,68,5732,0.0483,1.0483,141685.6986,141685.6986,0.0000018000,0.0000011000
246,96,9117,0.0398,1.0398,386397.2369,386397.2369,0.0000024000,0.0000011000
247,90,7534,0.0344,1.0344,158121.7763,158121.7763,0.0000022000,0.0000012000
248,33,3877,0.0209,1.0209,7672.5818,7672.5818,0.0000010000,0.0000010000
249,25,5269,0.0208,1.0208,8815.455,8815.455,0.0000008000,0.0000009000
250,69,3133,0.0272,1.0272,19959.7977,19959.7977,0.0000018000,0.0000171000
251,95,8033,0.0349,1.0349,209037.656,209037.656,0.0000024000,0.0000014000
252,76,8695,0.0637,1.0637,949567.1648,949567.1648,0.0000157000,0.0000012000
253,13,3280,0.0367,1.0367,5240.3962,5240.3962,0.0000006000,0.0000008000
254,47,3039,0.0372,1.0372,16914.8667,16914.8667,0.0000013000,0.0000012000
255,91,8851,0.0214,1.0214,60787.602,60787.602,0.0000022000,0.0000013000
256,6,993,0.0598,1.0598,1406.9956,1406.9956,0.0000004000,0.0000136000
257,90,2168,0.0674,1.0674,768258.086,768258.086,0.0000022000,0.0000012000
258,97,8142,0.0192,1.0192,51510.3324,51510.3324,0.0000022000,0.0000011000
259,2,9505,0.0356,1.0356,10193.8023,10193.8023,0.0000003000,0.0000004000
260,62,7316,0.0407,1.0407,86787.6801,86787.6801,0.0000015000,0.0000011000
261,7,4236,0.0947,1.0947,7980.347,7980.347,0.0000004000,0.0000161000
262,62,1969,0.084,1.084,292456.4559,292456.4559,0.0000017000,0.0000011000
263,52,8156,0.0167,1.0167,19297.633,19297.633,0.0000014000,0.0000010000
264,81,978,0.0237,1.0237,6521.2045,6521.2045,0.0000020000,0.0000012000
265,73,5078,0.0177,1.0177,18278.3183,18278.3183,0.0000019000,0.0000166000
266,32,2040,0.0602,1.0602,13244.628,13244.628,0.0000032000,0.0000009000
267,54,9866,0.0812,1.0812,668447.2033,668447.2033,0.0000016000,0.0000012000
268,29,8661,0.0442,1.0442,30359.528,30359.528,0.0000009000,0.0000011000
269,57,4971,0.0874,1.0874,589705.9328,589705.9328,0.0000017000,0.0000012000
270,55,5103,0.0612,1.0612,133867.0954,133867.0954,0.0000017000,0.0000012000
271,8,1725,0.0953,1.0953,3573.171,3573.171,0.0000004000,0.0000007000
272,27,3557,0.0338,1.0338,8727.1033,8727.1033,0.0000010000,0.0000010000
273,11,2673,0.0316,1.0316,3763.7748,3763.7748,0.0000006000,0.0000008000
274,71,1329,0.0241,1.0241,7208.3021,7208.3021,0.0000162000,0.0000012000
275,53,7481,0.072,1.072,298045.987,298045.987,0.0000014000,0.0000011000
276,61,4871,0.0129,1.0129,10645.8163,10645.8163,0.0000016000,0.0000012000
277,37,4732,0.0733,1.0733,64822.6113,64822.6113,0.0000010000,0.0000010000
278,59,1266,0.0719,1.0719,76126.4697,76126.4697,0.0000015000,0.0000011000
279,34,9763,0.0695,1.0695,95880.4607,95880.4607,0.0000010000,0.0000009000
280,26,7065,0.0203,1.0203,11913.441,11913.441,0.0000009000,0.0000009000
281,29,2541,0.0918,1.0918,32445.4853,32445.4853,0.0000009000,0.0000010000
282,19,1269,0.0154,1.0154,1696.5538,1696.5538,0.0000006000,0.0000009000
283,40,9849,0.0774,1.0774,194299.1881,194299.1881,0.0000012000,0.0000010000
284,73,4828,0.0495,1.0495,164242.518,164242.518,0.0000018000,0.0000011000
285,60,5082,0.073,1.073,348351.7356,348351.7356,0.0000015000,0.0000010000
286,35,8299,0.0586,1.0586,60903.4511,60903.4511,0.0000010000,0.0000010000
287,57,1417,0.0638,1.0638,48127.0289,48127.0289,0.0000015000,0.0000012000
288,56,5380,0.0643,1.0643,176347.6823,176347.6823,0.0000014000,0.0000010000
289,4,1596,0.0306,1.0306,1800.5013,1800.5013,0.0000004000,0.0000005000
290,87,9524,0.0628,1.0628,1905916.4828,1905916.4828,0.0000021000,0.0000013000
291,3,4515,0.0619,1.0619,5406.4055,5406.4055,0.0000004000,0.0000005000
292,98,2970,0.0523,1.0523,438969.5023,438969.5023,0.0000155000,0.0000012000
293,84,7345,0.0924,1.0924,12304214.2113,12304214.2113,0.0000021000,0.0000011000
294,24,9690,0.0492,1.0492,30684.7467,30684.7467,0.0000008000,0.0000009000
295,63,1594,0.0523,1.0523,39562.2745,39562.2745,0.0000015000,0.0000014000
296,53,5560,0.0389,1.0389,42022.6411,42022.6411,0.0000013000,0.0000011000
297,14,2734,0.0397,1.0397,4715.3195,4715.3195,0.0000006000,0.0000007000
298,89,8217,0.0359,1.0359,189670.78,189670.78,0.0000042000,0.0000012000
299,52,9112,0.0133,1.0133,18113.0643,18113.0643,0.0000013000,0.0000010000
300,12,5253,0.0327,1.0327,7728.5412,7728.5412,0.0000005000,0.0000007000
301,15,6722,0.0878,1.0878,23753.8673,23753.8673,0.0000006000,0.0000009000
302,1,8989,0.0516,1.0516,9452.8324,9452.8324,0.0000003000,0.0000003000
303,7,3173,0.0567,1.0567,4668.0126,4668.0126,0.0000004000,0.0000007000
304,80,8267,0.0663,1.0663,1405078.7776,1405078.7776,0.0000019000,0.0000010000
305,98,945,0.0283,1.0283,14560.4808,14560.4808,0.0000023000,0.0000011000
306,71,2246,0.0935,1.0935,1280983.8531,1280983.8531,0.0000017000,0.0000012000
307,57,8041,0.0209,1.0209,26142.8349,26142.8349,0.0000015000,0.0000011000
308,81,4020,0.0739,1.0739,1295082.055,1295082.055,0.0000020000,0.0000012000
309,40,9124,0.0112,1.0112,14245.1725,14245.1725,0.0000011000,0.0000010000
310,53,1627,0.0302,1.0302,7874.6175,7874.6175,0.0000014000,0.0000011000
311,15,7660,0.0952,1.0952,29966.105,29966.105,0.0000006000,0.0000009000
312,83,2622,0.0549,1.0549,221396.092,221396.092,0.0000020000,0.0000012000
313,92,4881,0.0558,1.0558,721142.8681,721142.8681,0.0000022000,0.0000011000
314,35,6907,0.0851,1.0851,120429.0271,120429.0271,0.0000010000,0.0000009000
315,61,4093,0.0511,1.0511,85571.2638,85571.2638,0.0000015000,0.0000011000
316,19,6384,0.0272,1.0272,10630.1179,10630.1179,0.0000007000,0.0000009000
317,77,8427,0.0772,1.0772,2585184.4732,2585184.4732,0.0000019000,0.0000011000
318,18,1243,0.0349,1.0349,2304.847,2304.847,0.0000007000,0.0000008000
319,54,5668,0.0941,1.0941,728632.9643,728632.9643,0.0000014000,0.0000011000
320,65,4477,0.0838,1.0838,836915.533,836915.533,0.0000016000,0.0000011000
321,37,4991,0.0854,1.0854,103516.7928,103516.7928,0.0000010000,0.0000009000
322,75,8122,0.0879,1.0879,4506467.4841,4506467.4841,0.0000018000,0.0000012000
323,58,8924,0.0536,1.0536,184396.9592,184396.9592,0.0000015000,0.0000011000
324,43,9142,0.0787,1.0787,237558.406,237558.406,0.0000011000,0.0000011000
325,49,7560,0.094,1.094,617121.3526,617121.3526,0.0000013000,0.0000010000
326,25,4012,0.0615,1.0615,17838.6049,17838.6049,0.0000008000,0.0000009000
327,30,6830,0.0139,1.0139,10334.1413,10334.1413,0.0000009000,0.0000010000
328,96,7849,0.0735,1.0735,7109040.8736,7109040.8736,0.0000022000,0.0000010000
329,49,6425,0.099,1.099,655782.8589,655782.8589,0.0000012000,0.0000009000
330,84,2592,0.0546,1.0546,225427.7752,225427.7752,0.0000039000,0.0000012000
331,5,2168,0.0552,1.0552,2836.1761,2836.1761,0.0000004000,0.0000006000
332,76,5539,0.0883,1.0883,3438168.6993,3438168.6993,0.0000019000,0.0000011000
333,57,1733,0.0573,1.0573,41504.7496,41504.7496,0.0000015000,0.0000011000
334,59,351,0.075,1.075,25026.8682,25026.8682,0.0000015000,0.0000012000
335,53,2629,0.0167,1.0167,6324.2676,6324.2676,0.0000014000,0.0000011000
336,34,5646,0.0661,1.0661,49758.9202,49758.9202,0.0000009000,0.0000009000
337,51,1415,0.0867,1.0867,98253.8235,98253.8235,0.0000014000,0.0000010000
338,87,8842,0.0442,1.0442,380830.2542,380830.2542,0.0000020000,0.0000012000
339,41,8094,0.0885,1.0885,261896.0622,261896.0622,0.0000011000,0.0000009000
340,5,1221,0.0311,1.0311,1423.0482,1423.0482,0.0000003000,0.0000006000
341,88,4808,0.0998,1.0998,20776453.17,20776453.17,0.0000021000,0.0000011000
342,96,1580,0.0491,1.0491,157426.6456,157426.6456,0.0000022000,0.0000051000
343,13,1746,0.0499,1.0499,3288.2695,3288.2695,0.0000006000,0.0000008000
344,89,5006,0.0913,1.0913,11926709.9701,11926709.9701,0.0000021000,0.0000012000
345,6,5414,0.0817,1.0817,8672.798,8672.798,0.0000004000,0.0000006000
346,38,5973,0.0437,1.0437,30343.6965,30343.6965,0.0000011000,0.0000010000
347,19,4100,0.0578,1.0578,11924.8122,11924.8122,0.0000007000,0.0000009000
348,73,3050,0.0253,1.0253,18898.169,18898.169,0.0000018000,0.0000011000
349,11,6367,0.0658,1.0658,12834.1681,12834.1681,0.0000005000,0.0000008000
350,31,8253,0.0922,1.0922,127051.3205,127051.3205,0.0000009000,0.0000010000
351,19,3904,0.0515,1.0515,10136.4544,10136.4544,0.0000007000,0.0000009000
352,33,7629,0.033,1.033,22272.9748,22272.9748,0.0000009000,0.0000009000
353,2,7722,0.0911,1.0911,9193.0349,9193.0349,0.0000004000,0.0000004000
354,87,9055,0.0242,1.0242,72504.2685,72504.2685,0.0000021000,0.0000013000
355,57,5761,0.0989,1.0989,1244840.6398,1244840.6398,0.0000015000,0.0000011000
356,39,7051,0.0721,1.0721,106519.0438,106519.0438,0.0000011000,0.0000010000
357,59,5049,0.0279,1.0279,25603.9204,25603.9204,0.0000015000,0.0000011000
358,50,8016,0.0196,1.0196,21156.7546,21156.7546,0.0000014000,0.0000010000
359,49,9470,0.0423,1.0423,72109.7732,72109.7732,0.0000013000,0.0000010000
360,38,4937,0.012,1.012,7768.2394,7768.2394,0.0000011000,0.0000010000
361,85,6584,0.0347,1.0347,119596.369,119596.369,0.0000022000,0.0000012000
362,73,903,0.092,1.092,557109.2267,557109.2267,0.0000210000,0.0000012000
363,96,8238,0.085,1.085,20752797.7374,20752797.7374,0.0000024000,0.0000013000
364,37,3870,0.0646,1.0646,39229.2543,39229.2543,0.0000010000,0.0000010000
365,46,3688,0.0673,1.0673,73785.3847,73785.3847,0.0000012000,0.0000011000
366,80,4206,0.071,1.071,1016311.7225,1016311.7225,0.0000019000,0.0000011000
367,93,2340,0.0665,1.0665,932343.221,932343.221,0.0000022000,0.0000013000
368,81,745,0.0378,1.0378,15043.9973,15043.9973,0.0000019000,0.0000011000
369,57,646,0.0622,1.0622,20136.8461,20136.8461,0.0000014000,0.0000011000
370,94,2253,0.0181,1.0181,12163.6051,12163.6051,0.0000022000,0.0000012000
371,38,5452,0.0773,1.0773,92331.2938,92331.2938,0.0000011000,0.0000010000
372,23,3389,0.0219,1.0219,5577.8233,5577.8233,0.0000007000,0.0000011000
373,70,6094,0.0578,1.0578,311280.4443,311280.4443,0.0000018000,0.0000012000
374,35,2795,0.0331,1.0331,8737.0429,8737.0429,0.0000011000,0.0000010000
375,62,4935,0.0772,1.0772,496204.3085,496204.3085,0.0000018000,0.0000011000
376,44,1986,0.0521,1.0521,18556.1618,18556.1618,0.0000012000,0.0000010000
377,10,2406,0.0779,1.0779,5094.251,5094.251,0.0000176000,0.0000007000
378,29,6611,0.0971,1.0971,97142.079,97142.079,0.0000010000,0.0000010000
379,72,6092,0.0181,1.0181,22165.1865,22165.1865,0.0000017000,0.0000010000
380,51,328,0.0338,1.0338,1787.0502,1787.0502,0.0000013000,0.0000011000
381,16,7551,0.0432,1.0432,14855.447,14855.447,0.0000006000,0.0000008000
382,96,4395,0.0626,1.0626,1494379.1189,1494379.1189,0.0000023000,0.0000009000
383,82,6186,0.0198,1.0198,30877.387,30877.387,0.0000020000,0.0000010000
384,30,7824,0.0123,1.0123,11290.3121,11290.3121,0.0000009000,0.0000011000
385,72,5474,0.0924,1.0924,3175313.2728,3175313.2728,0.0000017000,0.0000010000
386,29,1135,0.0672,1.0672,7483.8408,7483.8408,0.0000009000,0.0000263000
387,60,5051,0.0684,1.0684,267553.1876,267553.1876,0.0000016000,0.0000010000
388,15,2390,0.0141,1.0141,2948.5578,2948.5578,0.0000006000,0.0000009000
389,5,5086,0.0996,1.0996,8176.1719,8176.1719,0.0000005000,0.0000006000
390,15,1692,0.0311,1.0311,2678.6265,2678.6265,0.0000006000,0.0000009000
391,69,2322,0.045,1.045,48404.5577,48404.5577,0.0000017000,0.0000011000
392,48,8950,0.0477,1.0477,83790.8012,83790.8012,0.0000013000,0.0000009000
393,96,2631,0.0897,1.0897,10036635.0845,10036635.0845,0.0000024000,0.0000010000
394,84,1722,0.085,1.085,1629788.1457,1629788.1457,0.0000021000,0.0000011000
395,79,6786,0.0945,1.0945,8504707.11,8504707.11,0.0000020000,0.0000014000
396,36,636,0.0721,1.0721,7797.0043,7797.0043,0.0000010000,0.0000009000
397,28,7364,0.05,1.05,28867.831,28867.831,0.0000010000,0.0000009000
398,31,6042,0.0189,1.0189,10795.9074,10795.9074,0.0000010000,0.0000010000
399,88,6118,0.059,1.059,949410.3505,949410.3505,0.0000022000,0.0000011000
400,83,5976,0.0154,1.0154,21246.8617,21246.8617,0.0000184000,0.0000012000
401,36,3209,0.0971,1.0971,90205.5916,90205.5916,0.0000011000,0.0000009000
402,59,1601,0.0696,1.0696,84811.2751,84811.2751,0.0000016000,0.0000011000
403,83,9883,0.0974,1.0974,22140128.2237,22140128.2237,0.0000020000,0.0000012000
404,7,5564,0.0319,1.0319,6931.87,6931.87,0.0000005000,0.0000007000
405,17,9350,0.0285,1.0285,15075.9484,15075.9484,0.0000007000,0.0000008000
406,98,9180,0.0286,1.0286,145546.4576,145546.4576,0.0000023000,0.0000011000
407,28,3917,0.0396,1.0396,11620.081,11620.081,0.0000025000,0.0000026000
408,19,9864,0.0103,1.0103,11984.2199,11984.2199,0.0000009000,0.0000009000
409,19,2229,0.0586,1.0586,6576.8202,6576.8202,0.0000008000,0.0000009000
410,23,1901,0.0695,1.0695,8915.3883,8915.3883,0.0000008000,0.0000012000
411,4,2259,0.0113,1.0113,2362.8506,2362.8506,0.0000005000,0.0000005000
412,31,9747,0.0391,1.0391,32007.2716,32007.2716,0.0000010000,0.0000011000
413,23,4447,0.0147,1.0147,6220.6149,6220.6149,0.0000008000,0.0000010000
414,95,6997,0.0573,1.0573,1392335.6193,1392335.6193,0.0000204000,0.0000042000
415,96,1141,0.0529,1.0529,160860.6097,160860.6097,0.0000087000,0.0000034000
416,100,6031,0.0562,1.0562,1428912.5273,1428912.5273,0.0000068000,0.0000028000
417,14,7505,0.0553,1.0553,15944.6074,15944.6074,0.0000015000,0.0000021000
418,79,810,0.0755,1.0755,254511.7177,254511.7177,0.0000049000,0.0000033000
419,85,8643,0.0371,1.0371,191169.4212,191169.4212,0.0000054000,0.0000205000
420,83,610,0.0155,1.0155,2186.5723,2186.5723,0.0000052000,0.0000030000
421,62,6680,0.0484,1.0484,125155.87,125155.87,0.0000042000,0.0000033000
422,14,8132,0.0741,1.0741,22121.9498,22121.9498,0.0000014000,0.0000021000
423,57,1304,0.0909,1.0909,185788.6895,185788.6895,0.0000038000,0.0000226000
424,42,2530,0.0159,1.0159,4907.5062,4907.5062,0.0000031000,0.0000308000
425,36,9690,0.0594,1.0594,77353.9769,77353.9769,0.0000031000,0.0000026000
426,42,6340,0.0995,1.0995,340634.8461,340634.8461,0.0000218000,0.0000032000
427,68,4931,0.0508,1.0508,143317.5457,143317.5457,0.0000049000,0.0000033000
428,78,7148,0.0189,1.0189,30792.6027,30792.6027,0.0000079000,0.0000035000
429,90,1974,0.0868,1.0868,3538456.2106,3538456.2106,0.0000052000,0.0000028000
430,84,9133,0.0749,1.0749,3940313.1682,3940313.1682,0.0000044000,0.0000025000
431,28,7146,0.0506,1.0506,28464.9295,28464.9295,0.0000018000,0.0000019000
432,30,6879,0.0405,1.0405,22635.3829,22635.3829,0.0000019000,0.0000022000
433,59,6632,0.0474,1.0474,101926.2678,101926.2678,0.0000033000,0.0000026000
434,13,5220,0.0484,1.0484,9649.8744,9649.8744,0.0000011000,0.0000017000
435,86,4276,0.0437,1.0437,169256.936,169256.936,0.0000045000,0.0000026000
436,20,7870,0.016,1.016,10810.5774,10810.5774,0.0000147000,0.0000017000
437,11,1627,0.0489,1.0489,2750.822,2750.822,0.0000010000,0.0000016000
438,96,6205,0.0831,1.0831,13210618.3436,13210618.3436,0.0000048000,0.0000021000
439,72,1082,0.0628,1.0628,86843.7471,86843.7471,0.0000019000,0.0000010000
440,72,9302,0.0397,1.0397,153445.975,153445.975,0.0000018000,0.0000010000
441,16,6830,0.0418,1.0418,13151.3505,13151.3505,0.0000007000,0.0000007000
442,86,7029,0.0881,1.0881,10009473.3849,10009473.3849,0.0000021000,0.0000012000
443,93,942,0.0972,1.0972,5255695.597,5255695.597,0.0000022000,0.0000013000
444,77,5219,0.0416,1.0416,120382.146,120382.146,0.0000021000,0.0000012000
445,74,8413,0.0291,1.0291,70276.7511,70276.7511,0.0000018000,0.0000011000
446,85,8000,0.0302,1.0302,100327.816,100327.816,0.0000020000,0.0000012000
447,14,5836,0.0861,1.0861,18547.8116,18547.8116,0.0000006000,0.0000007000
448,48,1982,0.0786,1.0786,74886.5142,74886.5142,0.0000013000,0.0000009000
449,74,3805,0.0826,1.0826,1352036.2785,1352036.2785,0.0000018000,0.0000011000
450,72,9221,0.0124,1.0124,22394.009,22394.009,0.0000018000,0.0000010000
451,85,4481,0.0126,1.0126,12989.6785,12989.6785,0.0000020000,0.0000013000
452,35,5162,0.0929,1.0929,115646.6106,115646.6106,0.0000011000,0.0000010000
453,45,200,0.0263,1.0263,643.2426,643.2426,0.0000012000,0.0000011000
454,19,9378,0.0692,1.0692,33437.229,33437.229,0.0000007000,0.0000009000
455,9,2424,0.0767,1.0767,4713.9507,4713.9507,0.0000005000,0.0000007000
456,4,1603,0.0772,1.0772,2158.3352,2158.3352,0.0000004000,0.0000005000
457,28,6263,0.0478,1.0478,23151.41,23151.41,0.0000009000,0.0000009000
458,44,2678,0.0433,1.0433,17290.8243,17290.8243,0.0000014000,0.0000010000
459,93,5414,0.0799,1.0799,6889498.0339,6889498.0339,0.0000025000,0.0000013000
460,73,9868,0.0176,1.0176,35266.0904,35266.0904,0.0000018000,0.0000013000
461,7,2649,0.0242,1.0242,3131.6654,3131.6654,0.0000004000,0.0000008000
462,80,915,0.0707,1.0707,216194.8319,216194.8319,0.0000020000,0.0000010000
463,35,7359,0.0696,1.0696,77547.4644,77547.4644,0.0000010000,0.0000010000
464,63,7342,0.0473,1.0473,134987.6084,134987.6084,0.0000017000,0.0000013000
465,28,8494,0.0202,1.0202,14869.6653,14869.6653,0.0000011000,0.0000011000
466,56,1916,0.0355,1.0355,13514.5405,13514.5405,0.0000017000,0.0000011000
467,87,9817,0.0538,1.0538,937436.1339,937436.1339,0.0000022000,0.0000014000
468,86,5153,0.0141,1.0141,17179.3788,17179.3788,0.0000022000,0.0000013000
469,51,9919,0.0149,1.0149,21088.8923,21088.8923,0.0000014000,0.0000012000
470,27,5038,0.0951,1.0951,58547.748,58547.748,0.0000009000,0.0000010000
471,99,2348,0.0788,1.0788,4284014.5076,4284014.5076,0.0000160000,0.0000012000
472,38,5475,0.0208,1.0208,11970.9676,11970.9676,0.0000011000,0.0000010000
473,64,7155,0.0258,1.0258,36527.6809,36527.6809,0.0000159000,0.0000009000
474,49,8825,0.0733,1.0733,282520.5563,282520.5563,0.0000013000,0.0000011000
475,65,9254,0.085,1.085,1858927.6069,1858927.6069,0.0000016000,0.0000010000
476,46,1280,0.0457,1.0457,9998.5481,9998.5481,0.0000012000,0.0000011000
477,95,793,0.0493,1.0493,76690.5954,76690.5954,0.0000023000,0.0000013000
478,59,1375,0.0876,1.0876,194977.9205,194977.9205,0.0000016000,0.0000011000
479,74,7133,0.0616,1.0616,594811.7696,594811.7696,0.0000018000,0.0000011000
480,91,6943,0.0361,1.0361,175024.7525,175024.7525,0.0000022000,0.0000012000
481,52,441,0.097,1.097,54347.957,54347.957,0.0000014000,0.0000009000
482,22,7638,0.0849,1.0849,45872.5895,45872.5895,0.0000007000,0.0000009000
483,47,1543,0.0493,1.0493,14813.2568,14813.2568,0.0000012000,0.0000163000
484,14,4086,0.0492,1.0492,8004.1332,8004.1332,0.0000007000,0.0000008000
485,52,8684,0.0171,1.0171,20971.5166,20971.5166,0.0000014000,0.0000009000
486,40,5662,0.0299,1.0299,18398.0668,18398.0668,0.0000013000,0.0000010000
487,100,2854,0.0169,1.0169,15250.3111,15250.3111,0.0000026000,0.0000012000
488,82,1968,0.0578,1.0578,197295.5247,197295.5247,0.0000023000,0.0000012000
489,25,5824,0.0416,1.0416,16134.1335,16134.1335,0.0000009000,0.0000148000
490,83,2519,0.0313,1.0313,32522.5538,32522.5538,0.0000021000,0.0000013000
491,19,4293,0.0278,1.0278,7228.1065,7228.1065,0.0000009000,0.0000010000
492,78,2604,0.0784,1.0784,938580.5643,938580.5643,0.0000022000,0.0000013000
493,84,1334,0.0259,1.0259,11428.2132,11428.2132,0.0000022000,0.0000012000
494,99,8195,0.0518,1.0518,1215996.8199,1215996.8199,0.0000026000,0.0000013000
495,73,9594,0.0504,1.0504,347451.1625,347451.1625,0.0000020000,0.0000012000
496,73,5395,0.0878,1.0878,2512305.3663,2512305.3663,0.0000019000,0.0000012000
497,81,5279,0.0236,1.0236,34922.4027,34922.4027,0.0000151000,0.0000012000
498,9,7782,0.0498,1.0498,12051.7563,12051.7563,0.0000005000,0.0000007000
499,39,4600,0.0632,1.0632,50204.3769,50204.3769,0.0000011000,0.0000011000
500,46,8412,0.0167,1.0167,18020.5959,18020.5959,0.0000013000,0.0000011000
501,60,7504,0.0134,1.0134,16678.1096,16678.1096,0.0000017000,0.0000011000
502,48,4803,0.0169,1.0169,10736.6417,10736.6417,0.0000013000,0.0000010000
503,12,9833,0.0556,1.0556,18822.5569,18822.5569,0.0000007000,0.0000007000
504,60,9608,0.0599,1.0599,315156.685,315156.685,0.0000017000,0.0000012000
505,95,772,0.0505,1.0505,83222.8704,83222.8704,0.0000023000,0.0000013000
506,74,3184,0.0389,1.0389,53632.7768,53632.7768,0.0000018000,0.0000011000
507,61,8314,0.0236,1.0236,34495.062,34495.062,0.0000016000,0.0000011000
508,8,7481,0.0193,1.0193,8717.1767,8717.1767,0.0000005000,0.0000006000
509,44,1481,0.0554,1.0554,15882.0666,15882.0666,0.0000012000,0.0000010000
510,23,741,0.0323,1.0323,1539.4108,1539.4108,0.0000007000,0.0000009000
511,57,7299,0.0572,1.0572,173868.6043,173868.6043,0.0000015000,0.0000011000
512,79,2700,0.0428,1.0428,74002.1847,74002.1847,0.0000021000,0.0000013000
513,37,6447,0.0468,1.0468,35019.915,35019.915,0.0000011000,0.0000010000
514,44,9895,0.0147,1.0147,18804.9791,18804.9791,0.0000012000,0.0000010000
515,81,5582,0.0159,1.0159,20031.6913,20031.6913,0.0000019000,0.0000011000
516,13,9241,0.0711,1.0711,22568.8391,22568.8391,0.0000006000,0.0000008000
517,37,4228,0.0751,1.0751,61623.0043,61623.0043,0.0000010000,0.0000010000
518,85,9974,0.0886,1.0886,13573048.8541,13573048.8541,0.0000020000,0.0000012000
519,43,1435,0.0624,1.0624,19374.8598,19374.8598,0.0000012000,0.0000011000
520,19,5831,0.0379,1.0379,11822.1855,11822.1855,0.0000007000,0.0000009000
521,84,6521,0.0216,1.0216,39256.2199,39256.2199,0.0000038000,0.0000012000
522,91,1488,0.0379,1.0379,43929.3239,43929.3239,0.0000023000,0.0000013000
523,49,5481,0.0832,1.0832,275158.9971,275158.9971,0.0000013000,0.0000010000
524,86,8724,0.0184,1.0184,41850.1725,41850.1725,0.0000020000,0.0000011000
525,86,7037,0.0558,1.0558,750602.6791,750602.6791,0.0000021000,0.0000011000
526,3,6040,0.0378,1.0378,6751.1528,6751.1528,0.0000004000,0.0000005000
527,28,5698,0.0953,1.0953,72886.8027,72886.8027,0.0000009000,0.0000009000
528,63,3245,0.0304,1.0304,21408.3528,21408.3528,0.0000015000,0.0000011000
529,18,2638,0.0169,1.0169,3566.8368,3566.8368,0.0000006000,0.0000009000
530,13,8417,0.0794,1.0794,22726.2984,22726.2984,0.0000006000,0.0000008000
531,95,8726,0.0134,1.0134,30903.0044,30903.0044,0.0000022000,0.0000013000
532,44,2247,0.0638,1.0638,34154.0693,34154.0693,0.0000012000,0.0000010000
533,20,2758,0.0263,1.0263,4635.3319,4635.3319,0.0000007000,0.0000008000
534,89,2812,0.0749,1.0749,1740896.3438,1740896.3438,0.0000021000,0.0000011000
535,6,6831,0.0428,1.0428,8783.9614,8783.9614,0.0000004000,0.0000005000
536,93,3991,0.0973,1.0973,22456496.0671,22456496.0671,0.0000023000,0.0000013000
537,79,4768,0.0777,1.0777,1760633.6274,1760633.6274,0.0000019000,0.0000012000
538,58,3933,0.0581,1.0581,104057.4984,104057.4984,0.0000015000,0.0000011000
539,40,7784,0.0914,1.0914,257371.7083,257371.7083,0.0000011000,0.0000009000
540,25,6126,0.071,1.071,34034.0602,34034.0602,0.0000008000,0.0000009000
541,74,7318,0.0516,1.0516,302925.0131,302925.0131,0.0000018000,0.0000011000
542,37,6356,0.0553,1.0553,46568.6448,46568.6448,0.0000011000,0.0000010000
543,54,2755,0.0835,1.0835,209354.8607,209354.8607,0.0000013000,0.0000010000
544,78,2367,0.0886,1.0886,1777984.6059,1777984.6059,0.0000020000,0.0000012000
545,7,7973,0.0887,1.0887,14453.7096,14453.7096,0.0000005000,0.0000007000
546,71,1780,0.074,1.074,282959.3044,282959.3044,0.0000018000,0.0000011000
547,67,2142,0.0357,1.0357,22464.4544,22464.4544,0.0000017000,0.0000011000
548,98,2726,0.0346,1.0346,76423.7441,76423.7441,0.0000023000,0.0000012000
549,66,2514,0.0848,1.0848,541307.3497,541307.3497,0.0000016000,0.0000010000
550,12,3737,0.0835,1.0835,9782.9557,9782.9557,0.0000006000,0.0000007000
551,45,536,0.0473,1.0473,4289.083,4289.083,0.0000012000,0.0000010000
552,51,8324,0.0437,1.0437,73738.0975,73738.0975,0.0000013000,0.0000010000
553,50,1437,0.0437,1.0437,12196.6607,12196.6607,0.0000031000,0.0000010000
554,4,5321,0.0938,1.0938,7616.3157,7616.3157,0.0000004000,0.0000005000
555,92,5593,0.0812,1.0812,7362074.8024,7362074.8024,0.0000022000,0.0000012000
556,18,727,0.0358,1.0358,1369.3067,1369.3067,0.0000007000,0.0000008000
557,61,2373,0.0783,1.0783,235729.3485,235729.3485,0.0000016000,0.0000011000
558,61,7449,0.0654,1.0654,355117.6137,355117.6137,0.0000015000,0.0000011000
559,11,411,0.033,1.033,587.4154,587.4154,0.0000006000,0.0000007000
560,20,9091,0.0946,1.0946,55426.8929,55426.8929,0.0000007000,0.0000008000
561,78,8747,0.0481,1.0481,341406.1682,341406.1682,0.0000019000,0.0000012000
562,100,4820,0.0314,1.0314,106110.8382,106110.8382,0.0000024000,0.0000011000
563,16,882,0.0315,1.0315,1448.6928,1448.6928,0.0000006000,0.0000008000
564,82,7589,0.0157,1.0157,27223.9823,27223.9823,0.0000019000,0.0000010000
565,64,9876,0.0582,1.0582,368907.5485,368907.5485,0.0000016000,0.0000008000
566,81,8543,0.0618,1.0618,1099185.037,1099185.037,0.0000019000,0.0000011000
567,92,2452,0.0362,1.0362,64614.5847,64614.5847,0.0000021000,0.0000012000
568,1,5880,0.0317,1.0317,6066.396,6066.396,0.0000003000,0.0000003000
569,54,3168,0.0698,1.0698,121094.725,121094.725,0.0000014000,0.0000011000
570,11,8676,0.0977,1.0977,24190.2218,24190.2218,0.0000005000,0.0000008000
571,9,8718,0.059,1.059,14604.2919,14604.2919,0.0000004000,0.0000007000
572,65,9179,0.0118,1.0118,19676.5634,19676.5634,0.0000016000,0.0000009000
573,61,813,0.0672,1.0672,42962.0856,42962.0856,0.0000015000,0.0000013000
574,48,4255,0.0773,1.0773,151725.7305,151725.7305,0.0000013000,0.0000009000
575,46,1206,0.041,1.041,7657.3917,7657.3917,0.0000013000,0.0000011000
576,94,1798,0.0794,1.0794,2365574.2164,2365574.2164,0.0000022000,0.0000012000
577,95,5547,0.022,1.022,43842.2937,43842.2937,0.0000022000,0.0000012000
578,46,9045,0.0405,1.0405,56175.1784,56175.1784,0.0000012000,0.0000010000
579,83,2968,0.0847,1.0847,2530253.4729,2530253.4729,0.0000020000,0.0000012000
580,88,7712,0.0983,1.0983,29553816.8637,29553816.8637,0.0000021000,0.0000011000
581,62,3086,0.083,1.083,432872.7354,432872.7354,0.0000015000,0.0000011000
582,9,7598,0.0133,1.0133,8557.3969,8557.3969,0.0000005000,0.0000008000
583,26,817,0.0812,1.0812,6219.8372,6219.8372,0.0000009000,0.0000009000
584,6,5270,0.094,1.094,9034.7169,9034.7169,0.0000004000,0.0000005000
585,66,6624,0.099,1.099,3364867.9358,3364867.9358,0.0000037000,0.0000011000
586,70,7856,0.0328,1.0328,75220.7264,75220.7264,0.0000017000,0.0000011000
587,97,3231,0.0357,1.0357,97058.2941,97058.2941,0.0000023000,0.0000011000
588,100,883,0.0879,1.0879,4025857.3207,4025857.3207,0.0000023000,0.0000011000
589,43,4576,0.0212,1.0212,11278.4827,11278.4827,0.0000012000,0.0000011000
590,48,7259,0.0901,1.0901,456311.1693,456311.1693,0.0000013000,0.0000009000
591,96,7304,0.0905,1.0905,29896825.4831,29896825.4831,0.0000022000,0.0000010000
592,50,5654,0.0976,1.0976,595059.9512,595059.9512,0.0000013000,0.0000010000
593,64,8251,0.0431,1.0431,122847.7178,122847.7178,0.0000016000,0.0000009000
594,67,4469,0.0821,1.0821,883336.0527,883336.0527,0.0000017000,0.0000012000
595,94,7055,0.0171,1.0171,34728.06,34728.06,0.0000023000,0.0000013000
596,78,3056,0.0591,1.0591,269300.3122,269300.3122,0.0000019000,0.0000012000
597,42,1780,0.0172,1.0172,3643.2315,3643.2315,0.0000012000,0.0000010000
598,85,4943,0.0376,1.0376,113903.6056,113903.6056,0.0000020000,0.0000011000
599,78,7081,0.025,1.025,48591.0289,48591.0289,0.0000019000,0.0000011000
600,57,5859,0.0502,1.0502,95571.476,95571.476,0.0000015000,0.0000011000
601,94,5876,0.0653,1.0653,2246171.5756,2246171.5756,0.0000022000,0.0000013000
602,56,4598,0.0676,1.0676,179245.6453,179245.6453,0.0000014000,0.0000010000
603,8,1329,0.0704,1.0704,2290.3074,2290.3074,0.0000005000,0.0000006000
604,52,6052,0.0562,1.0562,103920.0635,103920.0635,0.0000013000,0.0000010000
605,96,2721,0.0958,1.0958,17739156.5836,17739156.5836,0.0000023000,0.0000011000
606,19,7279,0.0131,1.0131,9321.0687,9321.0687,0.0000007000,0.0000010000
607,9,3966,0.0801,1.0801,7934.6615,7934.6615,0.0000005000,0.0000008000
608,47,6033,0.0445,1.0445,46690.681,46690.681,0.0000013000,0.0000012000
609,73,630,0.0645,1.0645,60391.2684,60391.2684,0.0000018000,0.0000011000
610,87,7471,0.0954,1.0954,20711274.2753,20711274.2753,0.0000020000,0.0000012000
611,48,7373,0.0787,1.0787,279818.7506,279818.7506,0.0000012000,0.0000010000
612,74,2355,0.0577,1.0577,149560.2676,149560.2676,0.0000019000,0.0000011000
613,51,5250,0.0685,1.0685,154049.451,154049.451,0.0000013000,0.0000011000
614,32,1958,0.0123,1.0123,2895.398,2895.398,0.0000010000,0.0000009000
615,24,8276,0.0566,1.0566,31022.3744,31022.3744,0.0000009000,0.0000008000
616,72,2029,0.0336,1.0336,21910.9947,21910.9947,0.0000018000,0.0000010000
617,34,7411,0.0293,1.0293,19783.5346,19783.5346,0.0000029000,0.0000009000
618,79,4778,0.0725,1.0725,1204017.8155,1204017.8155,0.0000019000,0.0000013000
619,63,3379,0.021,1.021,12514.3974,12514.3974,0.0000016000,0.0000013000
620,10,7506,0.0255,1.0255,9655.2874,9655.2874,0.0000005000,0.0000006000
621,92,7392,0.0998,1.0998,46733011.7086,46733011.7086,0.0000022000,0.0000011000
622,88,5336,0.0701,1.0701,2072811.7317,2072811.7317,0.0000021000,0.0000011000
623,91,1163,0.0595,1.0595,223752.1257,223752.1257,0.0000022000,0.0000012000
624,38,5014,0.0866,1.0866,117715.3115,117715.3115,0.0000011000,0.0000010000
625,92,2952,0.0814,1.0814,3952409.6884,3952409.6884,0.0000022000,0.0000011000
626,66,3773,0.0209,1.0209,14776.7272,14776.7272,0.0000016000,0.0000010000
627,26,2375,0.0313,1.0313,5292.661,5292.661,0.0000008000,0.0000008000
628,64,530,0.0425,1.0425,7605.7832,7605.7832,0.0000016000,0.0000009000
629,74,6144,0.0521,1.0521,263433.3359,263433.3359,0.0000018000,0.0000011000
630,71,2226,0.0651,1.0651,195993.8629,195993.8629,0.0000017000,0.0000012000
631,12,1177,0.0378,1.0378,1837.1324,1837.1324,0.0000006000,0.0000007000
632,92,7942,0.0573,1.0573,1337110.3354,1337110.3354,0.0000021000,0.0000011000
633,99,6808,0.0841,1.0841,20178303.26,20178303.26,0.0000023000,0.0000012000
634,10,2153,0.0975,1.0975,5458.7012,5458.7012,0.0000005000,0.0000007000
635,83,1315,0.0505,1.0505,78487.1325,78487.1325,0.0000020000,0.0000012000
636,88,8576,0.041,1.041,294407.5677,294407.5677,0.0000021000,0.0000011000
637,100,9132,0.0676,1.0676,6330272.6285,6330272.6285,0.0000023000,0.0000011000
638,24,2214,0.0489,1.0489,6962.9883,6962.9883,0.0000008000,0.0000008000
639,8,2134,0.0566,1.0566,3314.9674,3314.9674,0.0000005000,0.0000006000
640,39,2797,0.0246,1.0246,7216.2601,7216.2601,0.0000011000,0.0000011000
641,91,3794,0.0411,1.0411,148221.0741,148221.0741,0.0000022000,0.0000012000
642,67,4753,0.0861,1.0861,1202943.7827,1202943.7827,0.0000017000,0.0000011000
643,33,3316,0.0672,1.0672,28361.3219,28361.3219,0.0000009000,0.0000009000
644,71,4596,0.0213,1.0213,20524.2164,20524.2164,0.0000017000,0.0000012000
645,39,8840,0.0184,1.0184,17999.8755,17999.8755,0.0000011000,0.0000011000
646,83,2862,0.0633,1.0633,466769.1893,466769.1893,0.0000019000,0.0000012000
647,75,2626,0.0254,1.0254,17230.3145,17230.3145,0.0000018000,0.0000012000
648,80,5631,0.0858,1.0858,4079176.6494,4079176.6494,0.0000020000,0.0000009000
649,73,774,0.0843,1.0843,284873.0584,284873.0584,0.0000018000,0.0000012000
650,4,1430,0.0141,1.0141,1512.3739,1512.3739,0.0000003000,0.0000005000
651,83,9549,0.0338,1.0338,150726.5308,150726.5308,0.0000019000,0.0000012000
652,27,9473,0.0475,1.0475,33162.4335,33162.4335,0.0000008000,0.0000010000
653,82,596,0.0548,1.0548,47336.5052,47336.5052,0.0000021000,0.0000011000
654,81,9038,0.0361,1.0361,159811.4555,159811.4555,0.0000019000,0.0000010000
655,39,8012,0.032,1.032,27368.3828,27368.3828,0.0000011000,0.0000011000
656,88,6753,0.0368,1.0368,162426.0714,162426.0714,0.0000021000,0.0000011000
657,10,1081,0.0242,1.0242,1373.0091,1373.0091,0.0000004000,0.0000007000
658,54,8033,0.0518,1.0518,122819.9049,122819.9049,0.0000013000,0.0000011000
659,44,2453,0.0381,1.0381,12712.2362,12712.2362,0.0000012000,0.0000010000
660,92,5331,0.0761,1.0761,4542038.0794,4542038.0794,0.0000022000,0.0000011000
661,45,6632,0.0218,1.0218,17502.8972,17502.8972,0.0000012000,0.0000011000
662,48,8537,0.0605,1.0605,143158.6447,143158.6447,0.0000012000,0.0000009000
663,41,4060,0.052,1.052,32446.7622,32446.7622,0.0000011000,0.0000010000
664,35,7466,0.0323,1.0323,22714.0952,22714.0952,0.0000010000,0.0000010000
665,13,929,0.0361,1.0361,1473.1178,1473.1178,0.0000006000,0.0000008000
666,50,6950,0.0323,1.0323,34062.8649,34062.8649,0.0000013000,0.0000010000
667,21,5464,0.094,1.094,36047.4421,36047.4421,0.0000007000,0.0000009000
668,93,5223,0.0271,1.0271,62791.9316,62791.9316,0.0000022000,0.0000013000
669,21,8263,0.0996,1.0996,60683.009,60683.009,0.0000007000,0.0000009000
670,60,8271,0.0891,1.0891,1385554.1497,1385554.1497,0.0000015000,0.0000011000
671,64,479,0.0181,1.0181,1509.8142,1509.8142,0.0000016000,0.0000009000
672,51,8381,0.0512,1.0512,106966.7507,106966.7507,0.0000013000,0.0000011000
673,31,3624,0.0625,1.0625,23734.7843,23734.7843,0.0000009000,0.0000010000
674,7,928,0.0353,1.0353,1183.0728,1183.0728,0.0000004000,0.0000006000
675,77,7810,0.0357,1.0357,116323.4314,116323.4314,0.0000019000,0.0000012000
676,2,1861,0.0488,1.0488,2047.0655,2047.0655,0.0000003000,0.0000004000
677,34,6092,0.0787,1.0787,80053.988,80053.988,0.0000011000,0.0000009000
678,47,841,0.0461,1.0461,6994.175,6994.175,0.0000013000,0.0000011000
679,73,9304,0.0275,1.0275,67412.9499,67412.9499,0.0000018000,0.0000011000
680,71,4828,0.0166,1.0166,15539.06,15539.06,0.0000018000,0.0000012000
681,65,7478,0.0788,1.0788,1035014.4583,1035014.4583,0.0000016000,0.0000010000
682,36,2046,0.0216,1.0216,4415.882,4415.882,0.0000010000,0.0000009000
683,13,6553,0.0436,1.0436,11412.5603,11412.5603,0.0000007000,0.0000008000
684,44,9239,0.0945,1.0945,491042.0304,491042.0304,0.0000012000,0.0000010000
685,97,2463,0.0279,1.0279,35538.4449,35538.4449,0.0000023000,0.0000010000
686,66,6676,0.055,1.055,228653.9266,228653.9266,0.0000016000,0.0000009000
687,6,737,0.0223,1.0223,841.2744,841.2744,0.0000004000,0.0000007000
688,43,7861,0.0567,1.0567,84217.2809,84217.2809,0.0000012000,0.0000011000
689,20,8546,0.0226,1.0226,13362.2212,13362.2212,0.0000007000,0.0000008000
690,79,5318,0.0246,1.0246,36269.5448,36269.5448,0.0000019000,0.0000012000
691,79,5002,0.0634,1.0634,642953.4184,642953.4184,0.0000019000,0.0000012000
692,65,8451,0.0579,1.0579,327950.438,327950.438,0.0000017000,0.0000011000
693,91,9322,0.037,1.037,254317.3151,254317.3151,0.0000022000,0.0000013000
694,3,6135,0.0398,1.0398,6897.06,6897.06,0.0000004000,0.0000005000
695,15,6924,0.0625,1.0625,17190.6042,17190.6042,0.0000006000,0.0000008000
696,93,536,0.0637,1.0637,167242.4801,167242.4801,0.0000022000,0.0000012000
697,34,9577,0.062,1.062,74039.4283,74039.4283,0.0000010000,0.0000009000
698,93,941,0.0625,1.0625,264350.9799,264350.9799,0.0000022000,0.0000012000
699,22,8689,0.0666,1.0666,35892.5689,35892.5689,0.0000007000,0.0000008000
700,80,6329,0.0233,1.0233,39955.174,39955.174,0.0000019000,0.0000011000
701,88,4068,0.0128,1.0128,12458.5041,12458.5041,0.0000021000,0.0000011000
702,90,1900,0.0272,1.0272,21266.9185,21266.9185,0.0000022000,0.0000012000
703,57,5239,0.0477,1.0477,74602.6409,74602.6409,0.0000014000,0.0000010000
704,53,3440,0.0469,1.0469,39042.1776,39042.1776,0.0000014000,0.0000011000
705,100,7826,0.0886,1.0886,38051592.8937,38051592.8937,0.0000023000,0.0000012000
706,95,1120,0.0735,1.0735,944958.3262,944958.3262,0.0000023000,0.0000013000
707,67,3497,0.0605,1.0605,179023.7761,179023.7761,0.0000017000,0.0000011000
708,85,7937,0.0573,1.0573,904703.1822,904703.1822,0.0000020000,0.0000012000
709,41,2937,0.0514,1.0514,22929.3016,22929.3016,0.0000012000,0.0000010000
710,69,5708,0.0592,1.0592,301970.1669,301970.1669,0.0000017000,0.0000010000
711,87,4431,0.0649,1.0649,1052857.7593,1052857.7593,0.0000021000,0.0000013000
712,25,4138,0.0351,1.0351,9802.7562,9802.7562,0.0000009000,0.0000009000
713,39,3784,0.0947,1.0947,128961.6951,128961.6951,0.0000012000,0.0000011000
714,39,4835,0.0734,1.0734,76577.0312,76577.0312,0.0000011000,0.0000010000
715,89,8111,0.0385,1.0385,234020.0021,234020.0021,0.0000021000,0.0000011000
716,45,9283,0.094,1.094,529014.822,529014.822,0.0000013000,0.0000010000
717,93,4580,0.0359,1.0359,121737.3808,121737.3808,0.0000021000,0.0000013000
718,74,8999,0.0442,1.0442,220895.683,220895.683,0.0000019000,0.0000011000
719,51,5754,0.0959,1.0959,614167.9242,614167.9242,0.0000014000,0.0000011000
720,19,4858,0.0138,1.0138,6303.053,6303.053,0.0000007000,0.0000009000
721,92,1394,0.0412,1.0412,57201.2398,57201.2398,0.0000021000,0.0000011000
722,57,4301,0.0773,1.0773,299749.9047,299749.9047,0.0000015000,0.0000011000
723,28,3410,0.0845,1.0845,33050.7985,33050.7985,0.0000008000,0.0000009000
724,35,9308,0.0727,1.0727,108541.5943,108541.5943,0.0000011000,0.0000010000
725,18,1889,0.0654,1.0654,5908.2712,5908.2712,0.0000007000,0.0000008000
726,76,4020,0.0318,1.0318,43399.6115,43399.6115,0.0000019000,0.0000010000
727,86,8800,0.0303,1.0303,114646.5149,114646.5149,0.0000021000,0.0000012000
728,30,960,0.019,1.019,1688.4832,1688.4832,0.0000009000,0.0000010000
729,43,7839,0.019,1.019,17609.644,17609.644,0.0000011000,0.0000010000
730,99,2352,0.0105,1.0105,6615.0447,6615.0447,0.0000023000,0.0000011000
731,71,2687,0.0466,1.0466,68186.6768,68186.6768,0.0000017000,0.0000012000
732,61,7922,0.0685,1.0685,450900.7468,450900.7468,0.0000015000,0.0000012000
733,97,4806,0.0389,1.0389,194731.9239,194731.9239,0.0000023000,0.0000011000
734,83,1069,0.0917,1.0917,1554363.0387,1554363.0387,0.0000020000,0.0000012000
735,12,9506,0.0309,1.0309,13696.08,13696.08,0.0000006000,0.0000007000
736,95,711,0.0922,1.0922,3094396.4893,3094396.4893,0.0000023000,0.0000013000
737,23,6946,0.0894,1.0894,49778.7871,49778.7871,0.0000008000,0.0000009000
738,23,695,0.0997,1.0997,6184.3204,6184.3204,0.0000007000,0.0000009000
739,51,8216,0.0268,1.0268,31654.7793,31654.7793,0.0000014000,0.0000010000
740,96,4842,0.0889,1.0889,17213634.3925,17213634.3925,0.0000023000,0.0000010000
741,2,4988,0.0611,1.0611,5616.1549,5616.1549,0.0000004000,0.0000004000
742,14,5589,0.0356,1.0356,9120.585,9120.585,0.0000006000,0.0000008000
743,83,9001,0.0572,1.0572,910614.5428,910614.5428,0.0000020000,0.0000012000
744,18,8361,0.0521,1.0521,20858.573,20858.573,0.0000007000,0.0000008000
745,25,1945,0.0398,1.0398,5160.181,5160.181,0.0000009000,0.0000009000
746,94,7618,0.0683,1.0683,3793188.606,3793188.606,0.0000023000,0.0000012000
747,92,3150,0.0113,1.0113,8856.6854,8856.6854,0.0000021000,0.0000011000
748,44,4933,0.0611,1.0611,67048.4828,67048.4828,0.0000012000,0.0000010000
749,97,3264,0.0258,1.0258,38621.7136,38621.7136,0.0000023000,0.0000011000
750,82,6743,0.0844,1.0844,5180753.036,5180753.036,0.0000020000,0.0000011000
751,66,5472,0.0178,1.0178,17533.4573,17533.4573,0.0000016000,0.0000009000
752,86,1662,0.0266,1.0266,15890.5662,15890.5662,0.0000021000,0.0000012000
753,18,7922,0.0391,1.0391,15800.3623,15800.3623,0.0000007000,0.0000008000
754,32,211,0.0335,1.0335,605.6446,605.6446,0.0000010000,0.0000007000
755,31,7419,0.0778,1.0778,75688.3309,75688.3309,0.0000009000,0.0000010000
756,43,5047,0.0624,1.0624,68142.7995,68142.7995,0.0000012000,0.0000011000
757,74,287,0.0335,1.0335,3287.4374,3287.4374,0.0000018000,0.0000011000
758,47,3971,0.0156,1.0156,8219.8979,8219.8979,0.0000012000,0.0000012000
759,16,7725,0.0376,1.0376,13943.6957,13943.6957,0.0000006000,0.0000008000
760,52,8333,0.0931,1.0931,853327.7825,853327.7825,0.0000013000,0.0000010000
761,91,5195,0.0721,1.0721,2930876.2995,2930876.2995,0.0000021000,0.0000012000
762,82,4933,0.0431,1.0431,156977.9447,156977.9447,0.0000020000,0.0000011000
763,29,3690,0.0962,1.0962,52945.6763,52945.6763,0.0000009000,0.0000010000
764,62,2609,0.0509,1.0509,56660.4978,56660.4978,0.0000016000,0.0000011000
765,78,6221,0.0474,1.0474,230483.9178,230483.9178,0.0000018000,0.0000011000
766,71,7814,0.0782,1.0782,1638798.8815,1638798.8815,0.0000017000,0.0000011000
767,86,3678,0.0786,1.0786,2463811.6066,2463811.6066,0.0000021000,0.0000011000
768,88,9861,0.0886,1.0886,17311471.9797,17311471.9797,0.0000021000,0.0000011000
769,11,8709,0.0502,1.0502,14926.5845,14926.5845,0.0000005000,0.0000008000
770,91,6027,0.017,1.017,27945.2441,27945.2441,0.0000021000,0.0000013000
771,73,1938,0.0156,1.0156,5999.4343,5999.4343,0.0000018000,0.0000011000
772,71,8381,0.0282,1.0282,60367.8081,60367.8081,0.0000018000,0.0000012000
773,69,2555,0.0248,1.0248,13851.2816,13851.2816,0.0000017000,0.0000011000
774,67,7339,0.0205,1.0205,28583.0451,28583.0451,0.0000016000,0.0000010000
775,27,9654,0.054,1.054,39939.6071,39939.6071,0.0000009000,0.0000010000
776,66,7398,0.0828,1.0828,1410258.206,1410258.206,0.0000034000,0.0000010000
777,59,2261,0.0562,1.0562,56927.7722,56927.7722,0.0000015000,0.0000011000
778,59,9339,0.0152,1.0152,22742.8722,22742.8722,0.0000015000,0.0000012000
779,60,5149,0.0751,1.0751,396875.7866,396875.7866,0.0000015000,0.0000011000
780,51,4269,0.0835,1.0835,255035.6271,255035.6271,0.0000014000,0.0000011000
781,96,3670,0.062,1.062,1182005.9748,1182005.9748,0.0000023000,0.0000009000
782,6,7041,0.041,1.041,8960.6336,8960.6336,0.0000005000,0.0000006000
783,9,8966,0.0995,1.0995,21055.0287,21055.0287,0.0000004000,0.0000007000
784,9,7834,0.0129,1.0129,8791.8993,8791.8993,0.0000005000,0.0000007000
785,53,3048,0.0792,1.0792,173148.0504,173148.0504,0.0000014000,0.0000011000
786,99,6987,0.0437,1.0437,482262.4038,482262.4038,0.0000023000,0.0000011000
787,49,7448,0.0883,1.0883,470676.4806,470676.4806,0.0000013000,0.0000010000
788,49,6254,0.0172,1.0172,14423.4482,14423.4482,0.0000013000,0.0000010000
789,85,8935,0.022,1.022,56809.465,56809.465,0.0000020000,0.0000012000
790,45,2043,0.0261,1.0261,6513.3484,6513.3484,0.0000012000,0.0000011000
791,69,6539,0.0576,1.0576,311667.0176,311667.0176,0.0000017000,0.0000012000
792,94,3748,0.0851,1.0851,8090164.446,8090164.446,0.0000022000,0.0000012000
793,97,472,0.0981,1.0981,4132429.7406,4132429.7406,0.0000022000,0.0000013000
794,60,9020,0.0482,1.0482,152004.295,152004.295,0.0000015000,0.0000010000
795,49,3862,0.0323,1.0323,18335.9202,18335.9202,0.0000013000,0.0000010000
796,45,2641,0.0348,1.0348,12311.3961,12311.3961,0.0000012000,0.0000010000
797,93,1948,0.0129,1.0129,6416.2321,6416.2321,0.0000022000,0.0000012000
798,85,6968,0.0653,1.0653,1507377.1889,1507377.1889,0.0000021000,0.0000012000
799,3,4043,0.0285,1.0285,4398.6219,4398.6219,0.0000003000,0.0000005000
800,13,9831,0.013,1.013,11628.414,11628.414,0.0000006000,0.0000008000
801,77,897,0.032,1.032,10142.1291,10142.1291,0.0000018000,0.0000011000
802,6,6690,0.0495,1.0495,8939.6553,8939.6553,0.0000004000,0.0000006000
803,70,3659,0.0779,1.0779,698000.0347,698000.0347,0.0000017000,0.0000012000
804,100,1024,0.0226,1.0226,9569.2697,9569.2697,0.0000023000,0.0000011000
805,38,3936,0.0834,1.0834,82609.6301,82609.6301,0.0000010000,0.0000009000
806,94,9538,0.0387,1.0387,338477.411,338477.411,0.0000023000,0.0000012000
807,77,5353,0.0313,1.0313,57443.8593,57443.8593,0.0000019000,0.0000012000
808,19,8640,0.0299,1.0299,15122.3696,15122.3696,0.0000024000,0.0000009000
809,39,4608,0.0155,1.0155,8395.173,8395.173,0.0000011000,0.0000010000
810,76,2969,0.0663,1.0663,390342.0129,390342.0129,0.0000019000,0.0000011000
811,55,9207,0.0546,1.0546,171374.1556,171374.1556,0.0000014000,0.0000012000
812,45,6344,0.0807,1.0807,208494.686,208494.686,0.0000012000,0.0000010000
813,41,6921,0.0467,1.0467,44965.5635,44965.5635,0.0000011000,0.0000010000
814,39,6267,0.0265,1.0265,17380.3649,17380.3649,0.0000011000,0.0000011000
815,69,7858,0.0317,1.0317,67685.9816,67685.9816,0.0000017000,0.0000011000
816,29,5027,0.0872,1.0872,56791.4233,56791.4233,0.0000009000,0.0000010000
817,19,7686,0.0923,1.0923,41133.6378,41133.6378,0.0000006000,0.0000008000
818,72,6861,0.0971,1.0971,5421443.0928,5421443.0928,0.0000018000,0.0000010000
819,72,8783,0.0221,1.0221,42380.5745,42380.5745,0.0000018000,0.0000010000
820,32,4277,0.0283,1.0283,10446.5767,10446.5767,0.0000009000,0.0000008000
821,83,1395,0.093,1.093,2238966.7775,2238966.7775,0.0000021000,0.0000012000
822,48,1614,0.0582,1.0582,24386.8595,24386.8595,0.0000013000,0.0000009000
823,25,944,0.0342,1.0342,2188.1915,2188.1915,0.0000008000,0.0000009000
824,87,9978,0.0136,1.0136,32317.5078,32317.5078,0.0000021000,0.0000013000
825,10,3182,0.0824,1.0824,7023.895,7023.895,0.0000005000,0.0000007000
826,76,9256,0.0295,1.0295,84338.5283,84338.5283,0.0000018000,0.0000012000
827,27,5555,0.0373,1.0373,14931.4597,14931.4597,0.0000009000,0.0000010000
828,2,3570,0.0943,1.0943,4275.0482,4275.0482,0.0000003000,0.0000004000
829,95,2022,0.0772,1.0772,2365559.638,2365559.638,0.0000022000,0.0000013000
830,97,7946,0.0923,1.0923,41621346.4112,41621346.4112,0.0000023000,0.0000011000
831,90,3450,0.0457,1.0457,192512.4481,192512.4481,0.0000021000,0.0000011000
832,31,9145,0.0389,1.0389,29851.7533,29851.7533,0.0000009000,0.0000011000
833,37,6336,0.052,1.052,41342.5768,41342.5768,0.0000011000,0.0000010000
834,84,5986,0.0378,1.0378,135109.1266,135109.1266,0.0000020000,0.0000011000
835,47,8501,0.0895,1.0895,477694.2806,477694.2806,0.0000013000,0.0000011000
836,60,1715,0.0823,1.0823,197298.4308,197298.4308,0.0000015000,0.0000011000
837,93,7792,0.0785,1.0785,8788663.6035,8788663.6035,0.0000023000,0.0000012000
838,41,3428,0.0434,1.0434,19567.0314,19567.0314,0.0000012000,0.0000010000
839,53,849,0.0606,1.0606,19193.0369,19193.0369,0.0000014000,0.0000011000
840,29,2490,0.0115,1.0115,3469.0461,3469.0461,0.0000026000,0.0000010000
841,71,9668,0.0621,1.0621,696755.9231,696755.9231,0.0000018000,0.0000012000
842,54,4936,0.0237,1.0237,17486.429,17486.429,0.0000015000,0.0000011000
843,43,3868,0.0442,1.0442,24841.9159,24841.9159,0.0000011000,0.0000011000
844,32,8280,0.0596,1.0596,52792.5603,52792.5603,0.0000009000,0.0000009000
845,88,5630,0.0332,1.0332,99709.2329,99709.2329,0.0000021000,0.0000011000
846,63,8137,0.0515,1.0515,192507.9939,192507.9939,0.0000016000,0.0000013000
847,94,5870,0.0252,1.0252,60904.0632,60904.0632,0.0000023000,0.0000012000
848,93,9054,0.0539,1.0539,1194497.1276,1194497.1276,0.0000022000,0.0000013000
849,70,1062,0.0572,1.0572,52134.5139,52134.5139,0.0000017000,0.0000012000
850,10,894,0.0788,1.0788,1908.7405,1908.7405,0.0000005000,0.0000007000
851,53,2352,0.0858,1.0858,184577.4728,184577.4728,0.0000013000,0.0000010000
852,30,1213,0.0736,1.0736,10212.5897,10212.5897,0.0000009000,0.0000010000
853,2,3683,0.0555,1.0555,4103.1576,4103.1576,0.0000003000,0.0000004000
854,48,1090,0.0656,1.0656,23011.698,23011.698,0.0000012000,0.0000009000
855,86,8016,0.0693,1.0693,2549884.185,2549884.185,0.0000021000,0.0000012000
856,3,208,0.0579,1.0579,246.2619,246.2619,0.0000003000,0.0000005000
857,53,294,0.0115,1.0115,538.9387,538.9387,0.0000013000,0.0000011000
858,93,4601,0.0582,1.0582,886448.7919,886448.7919,0.0000023000,0.0000012000
859,37,380,0.0552,1.0552,2774.4094,2774.4094,0.0000010000,0.0000010000
860,90,7154,0.0826,1.0826,9050466.8871,9050466.8871,0.0000021000,0.0000012000
861,23,1853,0.0926,1.0926,14206.3638,14206.3638,0.0000007000,0.0000009000
862,68,2539,0.0317,1.0317,21198.0532,21198.0532,0.0000017000,0.0000010000
863,80,8725,0.0327,1.0327,114472.0861,114472.0861,0.0000020000,0.0000010000
864,46,4479,0.0815,1.0815,164589.1325,164589.1325,0.0000013000,0.0000010000
865,11,6212,0.0963,1.0963,17078.7076,17078.7076,0.0000005000,0.0000007000
866,59,9356,0.0319,1.0319,59663.5854,59663.5854,0.0000015000,0.0000011000
867,90,3800,0.037,1.037,99970.4557,99970.4557,0.0000022000,0.0000011000
868,11,619,0.0184,1.0184,756.4722,756.4722,0.0000006000,0.0000007000
869,49,6279,0.0597,1.0597,107610.4049,107610.4049,0.0000014000,0.0000010000
870,8,254,0.0733,1.0733,447.304,447.304,0.0000005000,0.0000007000
871,11,8289,0.0861,1.0861,20562.2242,20562.2242,0.0000005000,0.0000007000
872,83,5527,0.0609,1.0609,747254.8899,747254.8899,0.0000023000,0.0000012000
873,13,8753,0.0927,1.0927,27712.0841,27712.0841,0.0000006000,0.0000008000
874,30,3563,0.0911,1.0911,48725.0727,48725.0727,0.0000009000,0.0000009000
875,89,9386,0.0528,1.0528,914668.1106,914668.1106,0.0000021000,0.0000011000
876,6,1318,0.0716,1.0716,1995.7753,1995.7753,0.0000004000,0.0000006000
877,36,8997,0.0607,1.0607,75063.74,75063.74,0.0000010000,0.0000009000
878,5,3038,0.0936,1.0936,4752.0421,4752.0421,0.0000004000,0.0000006000
879,41,356,0.0965,1.0965,15552.6384,15552.6384,0.0000012000,0.0000010000
880,76,2462,0.0777,1.0777,726318.5661,726318.5661,0.0000018000,0.0000011000
881,92,6625,0.0936,1.0936,24898204.2957,24898204.2957,0.0000023000,0.0000011000
882,39,2761,0.0608,1.0608,27591.3746,27591.3746,0.0000010000,0.0000010000
883,73,6475,0.0709,1.0709,961414.8548,961414.8548,0.0000017000,0.0000011000
884,70,5535,0.0445,1.0445,116602.7323,116602.7323,0.0000017000,0.0000011000
885,95,2392,0.0811,1.0811,3944741.721,3944741.721,0.0000023000,0.0000013000
886,89,1384,0.0551,1.0551,163782.8939,163782.8939,0.0000021000,0.0000012000
887,45,979,0.0188,1.0188,2263.5225,2263.5225,0.0000012000,0.0000010000
888,30,1345,0.0407,1.0407,4451.3211,4451.3211,0.0000009000,0.0000009000
889,99,9858,0.0457,1.0457,822417.8119,822417.8119,0.0000023000,0.0000012000
890,100,5447,0.0127,1.0127,19241.4755,19241.4755,0.0000023000,0.0000010000
891,35,7481,0.0542,1.0542,47453.1526,47453.1526,0.0000010000,0.0000010000
892,46,9160,0.0947,1.0947,588126.7128,588126.7128,0.0000012000,0.0000010000
893,56,3143,0.0712,1.0712,147943.526,147943.526,0.0000014000,0.0000010000
894,85,6327,0.0177,1.0177,28111.1536,28111.1536,0.0000021000,0.0000011000
895,80,4939,0.0818,1.0818,2663159.6041,2663159.6041,0.0000019000,0.0000009000
896,92,1304,0.0174,1.0174,6375.5412,6375.5412,0.0000021000,0.0000011000
897,20,6325,0.0741,1.0741,26421.3413,26421.3413,0.0000006000,0.0000008000
898,82,2627,0.0766,1.0766,1116654.6072,1116654.6072,0.0000020000,0.0000011000
899,41,6009,0.0196,1.0196,13317.5735,13317.5735,0.0000012000,0.0000010000
900,1,5150,0.05,1.05,5407.5,5407.5,0.0000003000,0.0000003000
901,98,4519,0.0192,1.0192,29138.3537,29138.3537,0.0000023000,0.0000011000
902,12,3170,0.0488,1.0488,5615.2799,5615.2799,0.0000006000,0.0000007000
903,72,9188,0.0561,1.0561,467717.9692,467717.9692,0.0000018000,0.0000010000
904,14,530,0.0181,1.0181,681.3057,681.3057,0.0000005000,0.0000007000
905,71,1624,0.0637,1.0637,130240.5828,130240.5828,0.0000017000,0.0000012000
906,42,6411,0.0111,1.0111,10192.4459,10192.4459,0.0000011000,0.0000010000
907,53,6453,0.0801,1.0801,383135.0352,383135.0352,0.0000013000,0.0000011000
908,93,9267,0.0915,1.0915,31852753.9763,31852753.9763,0.0000022000,0.0000012000
909,32,9470,0.0569,1.0569,55646.0974,55646.0974,0.0000009000,0.0000008000
910,88,6337,0.0253,1.0253,57117.3377,57117.3377,0.0000020000,0.0000010000
911,35,5033,0.0342,1.0342,16329.978,16329.978,0.0000010000,0.0000010000
912,19,1136,0.025,1.025,1816.0666,1816.0666,0.0000007000,0.0000009000
913,36,6999,0.037,1.037,25886.3741,25886.3741,0.0000010000,0.0000009000
914,10,6016,0.0327,1.0327,8299.4554,8299.4554,0.0000005000,0.0000007000
915,32,8223,0.0634,1.0634,58792.6833,58792.6833,0.0000010000,0.0000008000
916,26,7601,0.0196,1.0196,12590.5943,12590.5943,0.0000008000,0.0000010000
917,39,210,0.0954,1.0954,7337.6336,7337.6336,0.0000011000,0.0000011000
918,43,6324,0.0824,1.0824,190399.8297,190399.8297,0.0000011000,0.0000011000
919,43,7312,0.0401,1.0401,39652.0209,39652.0209,0.0000011000,0.0000010000
920,84,9838,0.0223,1.0223,62731.9987,62731.9987,0.0000020000,0.0000011000
921,42,9983,0.0953,1.0953,456720.7606,456720.7606,0.0000011000,0.0000010000
922,26,7948,0.0383,1.0383,21117.9649,21117.9649,0.0000008000,0.0000008000
923,51,5328,0.0362,1.0362,32672.8637,32672.8637,0.0000014000,0.0000011000
924,89,8144,0.0971,1.0971,31099320.8617,31099320.8617,0.0000021000,0.0000012000
925,32,5439,0.0438,1.0438,21442.3519,21442.3519,0.0000009000,0.0000008000
926,51,6080,0.0202,1.0202,16859.8947,16859.8947,0.0000014000,0.0000011000
927,73,3373,0.0633,1.0633,297776.7285,297776.7285,0.0000017000,0.0000011000
928,70,3047,0.0714,1.0714,380616.312,380616.312,0.0000018000,0.0000010000
929,71,540,0.0958,1.0958,357532.7117,357532.7117,0.0000018000,0.0000012000
930,60,3534,0.0495,1.0495,64152.4313,64152.4313,0.0000015000,0.0000010000
931,38,1233,0.0837,1.0837,26152.1781,26152.1781,0.0000010000,0.0000010000
932,53,8280,0.0225,1.0225,26926.8853,26926.8853,0.0000014000,0.0000011000
933,39,4065,0.0327,1.0327,14257.8307,14257.8307,0.0000010000,0.0000010000
934,20,7032,0.081,1.081,33388.1796,33388.1796,0.0000007000,0.0000008000
935,10,7457,0.0992,1.0992,19201.3313,19201.3313,0.0000005000,0.0000007000
936,62,9639,0.0461,1.0461,157605.1883,157605.1883,0.0000015000,0.0000011000
937,65,6953,0.0589,1.0589,286908.8001,286908.8001,0.0000016000,0.0000011000
938,47,8896,0.0634,1.0634,159932.8238,159932.8238,0.0000012000,0.0000011000
939,11,1891,0.0792,1.0792,4373.3359,4373.3359,0.0000005000,0.0000008000
940,85,5916,0.025,1.025,48256.6004,48256.6004,0.0000020000,0.0000012000
941,79,825,0.0607,1.0607,86749.4815,86749.4815,0.0000018000,0.0000012000
942,83,6647,0.097,1.097,14446936.6191,14446936.6191,0.0000020000,0.0000011000
943,43,7152,0.0195,1.0195,16408.8597,16408.8597,0.0000012000,0.0000010000
944,13,4339,0.03,1.03,6371.9678,6371.9678,0.0000005000,0.0000007000
945,96,8599,0.0602,1.0602,2353296.9852,2353296.9852,0.0000023000,0.0000010000
946,89,9524,0.0299,1.0299,131093.018,131093.018,0.0000021000,0.0000013000
947,48,6508,0.0517,1.0517,73157.2703,73157.2703,0.0000012000,0.0000009000
948,87,9743,0.0721,1.0721,4160671.7642,4160671.7642,0.0000021000,0.0000013000
949,20,5751,0.0998,1.0998,38549.4046,38549.4046,0.0000006000,0.0000008000
950,62,1812,0.0366,1.0366,16828.7893,16828.7893,0.0000015000,0.0000011000
951,11,2001,0.0848,1.0848,4898.8431,4898.8431,0.0000005000,0.0000008000
952,94,2421,0.0413,1.0413,108674.1916,108674.1916,0.0000021000,0.0000013000
953,44,7560,0.0806,1.0806,228970.8395,228970.8395,0.0000012000,0.0000009000
954,67,8012,0.0413,1.0413,120593.5619,120593.5619,0.0000016000,0.0000011000
955,13,7278,0.075,1.075,18634.6863,18634.6863,0.0000005000,0.0000008000
956,58,5325,0.016,1.016,13370.7163,13370.7163,0.0000015000,0.0000011000
957,6,1985,0.012,1.012,2132.2768,2132.2768,0.0000004000,0.0000006000
958,44,1891,0.0709,1.0709,38516.2455,38516.2455,0.0000012000,0.0000010000
959,22,4096,0.0564,1.0564,13695.711,13695.711,0.0000008000,0.0000009000
960,71,2723,0.0398,1.0398,43499.5106,43499.5106,0.0000016000,0.0000011000
961,55,7670,0.0309,1.0309,40898.2799,40898.2799,0.0000014000,0.0000011000
962,52,3122,0.0268,1.0268,12350.8719,12350.8719,0.0000013000,0.0000009000
963,85,7180,0.0456,1.0456,317832.4846,317832.4846,0.0000020000,0.0000012000
964,95,3332,0.0505,1.0505,359195.0832,359195.0832,0.0000022000,0.0000012000
965,55,6470,0.0104,1.0104,11429.7793,11429.7793,0.0000014000,0.0000011000
966,28,3471,0.0351,1.0351,9119.2528,9119.2528,0.0000008000,0.0000008000
967,91,1125,0.062,1.062,268215.2989,268215.2989,0.0000022000,0.0000013000
968,69,3163,0.0429,1.0429,57390.9279,57390.9279,0.0000017000,0.0000011000
969,26,7596,0.0203,1.0203,12808.8461,12808.8461,0.0000008000,0.0000009000
970,86,8119,0.0575,1.0575,994523.1147,994523.1147,0.0000020000,0.0000011000
971,82,5234,0.0637,1.0637,827951.2689,827951.2689,0.0000020000,0.0000011000
972,79,6531,0.0628,1.0628,802882.1398,802882.1398,0.0000019000,0.0000012000
973,45,5866,0.0861,1.0861,241259.0842,241259.0842,0.0000012000,0.0000011000
974,80,2926,0.0832,1.0832,1749711.4309,1749711.4309,0.0000020000,0.0000011000
975,91,4973,0.0927,1.0927,15856388.5444,15856388.5444,0.0000022000,0.0000012000
976,76,1488,0.0705,1.0705,263748.4859,263748.4859,0.0000019000,0.0000011000
977,41,2031,0.0315,1.0315,7243.4997,7243.4997,0.0000011000,0.0000011000
978,15,3099,0.0436,1.0436,5878.0413,5878.0413,0.0000006000,0.0000008000
979,19,8469,0.045,1.045,19545.269,19545.269,0.0000006000,0.0000008000
980,77,2358,0.0617,1.0617,236964.7448,236964.7448,0.0000019000,0.0000011000
981,55,3143,0.0538,1.0538,56110.6196,56110.6196,0.0000014000,0.0000011000
982,69,2938,0.0599,1.0599,162678.1969,162678.1969,0.0000016000,0.0000011000
983,63,4832,0.0226,1.0226,19751.1139,19751.1139,0.0000015000,0.0000011000
984,41,7489,0.0657,1.0657,101731.9637,101731.9637,0.0000011000,0.0000010000
985,46,257,0.0536,1.0536,2838.0378,2838.0378,0.0000012000,0.0000010000
986,25,6390,0.0967,1.0967,64223.94,64223.94,0.0000008000,0.0000008000
987,65,8209,0.0468,1.0468,160483.9716,160483.9716,0.0000016000,0.0000010000
988,63,6909,0.0739,1.0739,616789.9128,616789.9128,0.0000015000,0.0000012000
989,57,8106,0.0251,1.0251,33302.889,33302.889,0.0000015000,0.0000011000
990,73,605,0.0816,1.0816,185619.2067,185619.2067,0.0000018000,0.0000011000
991,29,4885,0.0129,1.0129,7084.2704,7084.2704,0.0000009000,0.0000010000
992,29,8908,0.036,1.036,24843.5192,24843.5192,0.0000009000,0.0000010000
993,100,7592,0.0609,1.0609,2804149.3491,2804149.3491,0.0000023000,0.0000012000
994,99,8215,0.0595,1.0595,2509589.6316,2509589.6316,0.0000024000,0.0000012000
995,15,9483,0.0203,1.0203,12819.2923,12819.2923,0.0000005000,0.0000008000
996,100,8998,0.0841,1.0841,28912152.8321,28912152.8321,0.0000023000,0.0000011000
997,47,8980,0.084,1.084,397788.8449,397788.8449,0.0000012000,0.0000012000
998,6,7331,0.0592,1.0592,10352.1618,10352.1618,0.0000004000,0.0000006000
999,55,1777,0.0762,1.0762,100879.2284,100879.2284,0.0000015000,0.0000011000
1000,84,4155,0.0368,1.0368,86486.847,86486.847,0.0000020000,0.0000012000
